ISO3 code,Economy,year,GDP_growth,E_score,S_score,G_score,E_score_lag1,S_score_lag1,G_score_lag1,inflation,population_growth
BRN,Brunei Darussalam,1975,-0.6453,13.623951453512005,53.11060348519017,,12.787753573697737,54.580041393129115,,,3.4851
BRN,Brunei Darussalam,1976,20.8741,14.016044001009403,54.23923943025018,,13.623951453512005,53.11060348519017,,,3.4429
BRN,Brunei Darussalam,1977,9.934,14.237423611751991,53.5391960264573,,14.016044001009403,54.23923943025018,,,3.4069
BRN,Brunei Darussalam,1978,7.0191,13.397218499739488,53.096680073905624,,14.237423611751991,53.5391960264573,,,3.2586
BRN,Brunei Darussalam,1979,24.3384,15.368283911610115,52.62754344157564,,13.397218499739488,53.096680073905624,,,3.1176
BRN,Brunei Darussalam,1980,-9.708,14.123162166948852,51.41239706194283,,15.368283911610115,52.62754344157564,,,3.1045
BRN,Brunei Darussalam,1981,-22.3848,14.5830159994629,49.82851655953291,,14.123162166948852,51.41239706194283,,9.1371,3.1032
BRN,Brunei Darussalam,1982,2.3015,14.403526894465033,48.813101346680604,,14.5830159994629,49.82851655953291,,6.3566,3.1724
BRN,Brunei Darussalam,1983,0.3994,14.453079188273541,51.085893753130705,,14.403526894465033,48.813101346680604,,1.1662,3.2646
BRN,Brunei Darussalam,1984,-2.3766,15.178920635914482,48.25332298252165,,14.453079188273541,51.085893753130705,,3.074,3.324
BRN,Brunei Darussalam,1985,-2.9072,12.85127695592032,49.50439542205863,,15.178920635914482,48.25332298252165,,2.3532,3.3716
BRN,Brunei Darussalam,1986,-5.4072,12.920939234525989,55.76914377663298,,12.85127695592032,49.50439542205863,,1.7812,3.4021
BRN,Brunei Darussalam,1987,2.0835,12.70472051763002,45.07925258716861,,12.920939234525989,55.76914377663298,,1.2469,3.2
BRN,Brunei Darussalam,1988,-1.5359,13.653015309330106,45.902156517777016,,12.70472051763002,45.07925258716861,,1.1928,2.9713
BRN,Brunei Darussalam,1989,-2.7262,16.02397453373465,44.90555992368447,,13.653015309330106,45.902156517777016,,1.3043,2.9251
BRN,Brunei Darussalam,1990,2.6431,22.135548699935384,39.19880410987984,,16.02397453373465,44.90555992368447,,2.1387,2.8721
BRN,Brunei Darussalam,1991,2.9107,25.568603497165245,51.28387228826823,,22.135548699935384,39.19880410987984,,1.6,2.8209
BRN,Brunei Darussalam,1992,-3.1206,25.31048347975962,50.34261999921939,,25.568603497165245,51.28387228826823,,1.2795,2.7209
BRN,Brunei Darussalam,1993,-0.6336,25.481511499735962,50.46133105085172,,25.31048347975962,50.34261999921939,,4.2517,2.6087
BRN,Brunei Darussalam,1994,0.9927,25.541263582693418,53.44545263773676,,25.481511499735962,50.46133105085172,,2.4625,2.5382
BRN,Brunei Darussalam,1995,1.3473,24.96073765003808,53.572594541370826,,25.541263582693418,53.44545263773676,,5.9666,2.4699
BRN,Brunei Darussalam,1996,-0.0273,25.101460041348552,52.57097856622197,,24.96073765003808,53.572594541370826,,1.9961,2.4026
BRN,Brunei Darussalam,1997,6.3439,24.72571712422268,54.47669794619137,,25.101460041348552,52.57097856622197,,1.7116,2.341
BRN,Brunei Darussalam,1998,-6.6572,25.901829129326085,52.294272853229,,24.72571712422268,54.47669794619137,,-0.4414,2.2807
BRN,Brunei Darussalam,1999,4.2607,26.672567825883593,52.77605002841285,,25.901829129326085,52.294272853229,,-0.4156,2.2242
BRN,Brunei Darussalam,2000,3.4747,27.034396967885257,55.96554440671058,,26.672567825883593,52.77605002841285,,1.5582,2.1718
BRN,Brunei Darussalam,2001,1.4661,26.142050824228942,58.1127978515677,,27.034396967885257,55.96554440671058,,0.5959,2.0981
BRN,Brunei Darussalam,2002,3.9614,25.521861316572775,56.10225857132483,0.0,26.142050824228942,58.1127978515677,,-2.315,2.0059
BRN,Brunei Darussalam,2003,3.5834,26.10604866155664,56.348801894946476,0.09686918784872903,25.521861316572775,56.10225857132483,0.0,0.3,1.9041
BRN,Brunei Darussalam,2004,0.1045,25.663844356124304,55.967490566817425,0.8175759454432732,26.10604866155664,56.348801894946476,0.09686918784872903,0.8142,1.7938
BRN,Brunei Darussalam,2005,-0.0039,25.99657818089129,54.761998591544206,,25.663844356124304,55.967490566817425,0.8175759454432732,1.2444,1.6872
BRN,Brunei Darussalam,2006,4.0984,27.316006054714702,54.642485910403764,,25.99657818089129,54.761998591544206,,0.1599,1.5885
BRN,Brunei Darussalam,2007,-3.7636,28.21593538157405,54.942277431191016,,27.316006054714702,54.642485910403764,,0.9678,1.6886
BRN,Brunei Darussalam,2008,-3.9007,29.172662904383156,55.154624001621585,,28.21593538157405,54.942277431191016,,2.085,1.8487
BRN,Brunei Darussalam,2009,-1.9003,28.75840322595816,54.92238284169433,,29.172662904383156,55.154624001621585,,1.0357,1.8772
BRN,Brunei Darussalam,2010,2.7414,28.948718142359247,54.07180419675356,,28.75840322595816,54.92238284169433,,0.3569,1.899
BRN,Brunei Darussalam,2011,3.7444,29.50484367723931,55.15906364278574,,28.948718142359247,54.07180419675356,,0.1379,1.7827
BRN,Brunei Darussalam,2012,0.9131,28.97265183983124,52.529181294691334,,29.50484367723931,55.15906364278574,,0.1118,1.5326
BRN,Brunei Darussalam,2013,-2.1248,28.524864414508656,54.692424459605455,,28.97265183983124,52.529181294691334,,0.3892,1.3823
BRN,Brunei Darussalam,2014,-2.5079,28.727803772106174,52.24474489838465,,28.524864414508656,54.692424459605455,,-0.2071,1.3402
BRN,Brunei Darussalam,2015,-0.3924,27.753489062327862,56.48053737346644,,28.727803772106174,52.24474489838465,,-0.4883,1.3021
BRN,Brunei Darussalam,2016,-2.4779,27.36954176242111,53.2060442927588,,27.753489062327862,56.48053737346644,,-0.2787,1.2596
BRN,Brunei Darussalam,2017,1.3287,28.59216924166597,55.38601245024053,,27.36954176242111,53.2060442927588,,-1.2605,1.2107
BRN,Brunei Darussalam,2018,0.0524,28.256415826422206,56.95841877176156,10.140266584004959,28.59216924166597,55.38601245024053,,1.0251,1.1574
BRN,Brunei Darussalam,2019,3.8688,28.860623557167187,59.51887245822854,,28.256415826422206,56.95841877176156,10.140266584004959,-0.3905,1.1062
BRN,Brunei Darussalam,2020,1.1336,29.715966885576314,56.77699277893263,,28.860623557167187,59.51887245822854,,1.9403,1.0615
BRN,Brunei Darussalam,2021,-1.5908,27.803671766841365,58.688535677635635,,29.715966885576314,56.77699277893263,,1.7334,0.9603
BRN,Brunei Darussalam,2022,-1.6283,26.51376507228705,57.723610197217575,,27.803671766841365,58.688535677635635,,3.6823,0.8046
BRN,Brunei Darussalam,2023,1.1276,22.853767174900618,54.926417852565585,,26.51376507228705,57.723610197217575,,0.3571,0.7829
BRN,Brunei Darussalam,2024,4.0525,13.360688272182578,40.32607644609781,,22.853767174900618,54.926417852565585,,-0.3887,0.8185
IDN,Indonesia,1961,5.7406,30.70020108294829,49.02420482343369,,24.08904223049958,40.7083213534638,,13.6919,2.7867
IDN,Indonesia,1962,1.842,35.00901330755178,49.60997211756707,,30.70020108294829,49.02420482343369,,131.3978,2.807
IDN,Indonesia,1963,-2.237,28.701392582906138,50.18980019811907,,35.00901330755178,49.60997211756707,,145.9108,2.8251
IDN,Indonesia,1964,3.5297,35.66630429034516,51.18752634703439,,28.701392582906138,50.18980019811907,,108.9947,2.8555
IDN,Indonesia,1965,1.0816,28.799874237529846,46.473553265071644,,35.66630429034516,51.18752634703439,,306.7631,2.529
IDN,Indonesia,1966,2.7913,32.767003351167986,48.48559198078415,,28.799874237529846,46.473553265071644,,1136.2541,2.3667
IDN,Indonesia,1967,1.3804,24.27941909450028,49.57383505563451,,32.767003351167986,48.48559198078415,,106.0,2.5997
IDN,Indonesia,1968,10.9152,29.29872152477067,51.83193514313273,,24.27941909450028,49.57383505563451,,128.843,2.7075
IDN,Indonesia,1969,6.8223,26.80398156068793,52.70908815365162,,29.29872152477067,51.83193514313273,,15.4799,2.7642
IDN,Indonesia,1970,7.5546,31.0754480927004,47.85733937093208,,26.80398156068793,52.70908815365162,,12.3995,2.7523
IDN,Indonesia,1971,7.024,30.959204707889224,53.25950497914567,,31.0754480927004,47.85733937093208,,4.2337,2.7092
IDN,Indonesia,1972,7.0376,30.219655179240693,50.35672474958105,,30.959204707889224,53.25950497914567,,6.5217,2.6623
IDN,Indonesia,1973,8.104,32.39965793225739,50.60812731197422,,30.219655179240693,50.35672474958105,,31.0419,2.6272
IDN,Indonesia,1974,7.6347,31.568920044419972,50.37939753811003,,32.39965793225739,50.60812731197422,,40.4918,2.5738
IDN,Indonesia,1975,4.9773,32.610442406037166,46.46705089775869,,31.568920044419972,50.37939753811003,,19.1657,2.5261
IDN,Indonesia,1976,6.8866,31.953436752661545,50.392308412287605,,32.610442406037166,46.46705089775869,,19.8286,2.4942
IDN,Indonesia,1977,8.7613,34.133591165727815,50.987819269052615,,31.953436752661545,50.392308412287605,,11.0521,2.4552
IDN,Indonesia,1978,6.7671,35.83359576667085,51.48684767634536,,34.133591165727815,50.987819269052615,,8.1126,2.4385
IDN,Indonesia,1979,7.3243,34.59729125333519,54.4978332318591,,35.83359576667085,51.48684767634536,,16.2328,2.4231
IDN,Indonesia,1980,9.8801,35.05066025863115,50.06328946481793,,34.59729125333519,54.4978332318591,,18.0354,2.3886
IDN,Indonesia,1981,7.9272,36.75051407190757,52.76178821076346,,35.05066025863115,50.06328946481793,,12.2659,2.3452
IDN,Indonesia,1982,2.2464,35.929858622979616,53.3748908921533,,36.75051407190757,52.76178821076346,,9.4454,2.3124
IDN,Indonesia,1983,4.193,37.383092305194694,54.02014634125409,,35.929858622979616,53.3748908921533,,11.7997,2.2802
IDN,Indonesia,1984,6.9755,38.85267434290044,48.91495586686544,100.0,37.383092305194694,54.02014634125409,,10.455,2.2297
IDN,Indonesia,1985,2.4621,37.897070706068455,50.661477725515525,,38.85267434290044,48.91495586686544,100.0,4.7245,2.1363
IDN,Indonesia,1986,5.875,38.96929485167296,55.80308588048974,,37.897070706068455,50.661477725515525,,5.8227,2.0175
IDN,Indonesia,1987,4.9259,38.55947779662243,48.783288199720246,100.0,38.96929485167296,55.80308588048974,,9.2787,1.9414
IDN,Indonesia,1988,5.7805,41.11246022182244,55.980946852265674,,38.55947779662243,48.783288199720246,100.0,8.0454,1.9089
IDN,Indonesia,1989,7.4566,41.22411842291539,51.25594244276931,,41.11246022182244,55.980946852265674,,6.4155,1.8746
IDN,Indonesia,1990,7.2421,43.39069188404676,42.69984180575064,99.27310488058151,41.22411842291539,51.25594244276931,,7.8192,1.8144
IDN,Indonesia,1991,6.912,41.851900978274,41.98350220961263,,43.39069188404676,42.69984180575064,99.27310488058151,9.4191,1.7701
IDN,Indonesia,1992,6.4975,43.30226492287813,42.38782905323672,,41.851900978274,41.98350220961263,,7.5235,1.7332
IDN,Indonesia,1993,6.4964,43.03133715864902,41.317367426157126,99.06542056074765,43.30226492287813,42.38782905323672,,9.6719,1.7016
IDN,Indonesia,1994,7.54,43.08788041859895,39.23291905769696,,43.03133715864902,41.317367426157126,99.06542056074765,8.532,1.686
IDN,Indonesia,1995,8.22,45.367651228331894,46.425450794232916,34.96423472648549,43.08788041859895,39.23291905769696,,9.4203,1.6628
IDN,Indonesia,1996,7.8182,45.47671032716456,45.858753119200884,47.13693042583108,45.367651228331894,46.425450794232916,34.96423472648549,7.9733,1.6455
IDN,Indonesia,1997,4.6999,44.35682983623488,45.51911250931596,33.93882229347765,45.47671032716456,45.858753119200884,47.13693042583108,6.2262,1.6263
IDN,Indonesia,1998,-13.1267,45.43030601127991,42.98959656302728,46.724715642625384,44.35682983623488,45.51911250931596,33.93882229347765,58.451,1.5807
IDN,Indonesia,1999,0.7911,47.33242558081173,45.79933699248717,45.87749010714877,45.43030601127991,42.98959656302728,46.724715642625384,20.4778,1.5032
IDN,Indonesia,2000,4.9201,45.24161133256381,41.10174432189035,38.095551169282345,47.33242558081173,45.79933699248717,45.87749010714877,3.6886,1.4324
IDN,Indonesia,2001,3.6435,45.406699153389916,42.66680309433681,37.45268845573437,45.24161133256381,41.10174432189035,38.095551169282345,11.5001,1.388
IDN,Indonesia,2002,4.4995,45.77979305626402,43.15385912941466,43.83468986372818,45.406699153389916,42.66680309433681,37.45268845573437,11.9001,1.3557
IDN,Indonesia,2003,4.7804,46.2816332868409,42.600221422815295,43.437210633177095,45.77979305626402,43.15385912941466,43.83468986372818,6.7573,1.3238
IDN,Indonesia,2004,5.0309,48.211052961144844,44.22805026027985,42.86576140772998,46.2816332868409,42.600221422815295,43.437210633177095,6.0641,1.271
IDN,Indonesia,2005,5.6926,47.828864505968994,48.09593883378662,42.37596344923966,48.211052961144844,44.22805026027985,42.86576140772998,10.4532,1.2838
IDN,Indonesia,2006,5.501,49.332938108195584,49.78436454603329,41.98405454159355,47.828864505968994,48.09593883378662,42.37596344923966,13.1087,1.3253
IDN,Indonesia,2007,6.345,49.30161427176087,47.54714366980125,40.975943053006844,49.332938108195584,49.78436454603329,41.98405454159355,6.4066,1.3209
IDN,Indonesia,2008,6.0137,49.460595578999204,49.790368274382246,40.476993792272154,49.30161427176087,47.54714366980125,40.975943053006844,10.2267,1.2974
IDN,Indonesia,2009,4.6289,51.33458229583454,49.42820958500491,34.96007849959418,49.460595578999204,49.790368274382246,40.476993792272154,4.3864,1.267
IDN,Indonesia,2010,6.2239,51.183276440503846,48.31996076799522,40.1668174071223,51.33458229583454,49.42820958500491,34.96007849959418,5.1342,1.2605
IDN,Indonesia,2011,6.1698,52.58392700753265,52.2325464009382,38.96163962196463,51.183276440503846,48.31996076799522,40.1668174071223,5.356,1.2767
IDN,Indonesia,2012,6.0301,54.633901566226754,50.04877436201417,38.39141184166594,52.58392700753265,52.2325464009382,38.96163962196463,4.2795,1.2858
IDN,Indonesia,2013,5.5573,52.38961173613588,51.271057897738224,32.69696677433581,54.633901566226754,50.04877436201417,38.39141184166594,6.4125,1.2404
IDN,Indonesia,2014,5.0067,53.69718226498353,53.03398161551278,38.33646120423989,52.38961173613588,51.271057897738224,32.69696677433581,6.3949,1.1754
IDN,Indonesia,2015,4.8763,55.28099280065294,53.46765587715478,38.08257108497439,53.69718226498353,53.03398161551278,38.33646120423989,6.3631,1.1223
IDN,Indonesia,2016,5.0331,54.236504436844285,51.6252031749014,32.22344799624526,55.28099280065294,53.46765587715478,38.08257108497439,3.5258,1.0745
IDN,Indonesia,2017,5.0698,53.577130194296394,48.07304763303648,30.855195497525433,54.236504436844285,51.6252031749014,32.22344799624526,3.8088,1.0223
IDN,Indonesia,2018,5.1743,55.018769165549465,50.99193606931396,56.56872410719857,53.577130194296394,48.07304763303648,30.855195497525433,3.1983,0.9697
IDN,Indonesia,2019,5.0193,55.10729312388047,51.90041843261055,54.828033375639656,55.018769165549465,50.99193606931396,56.56872410719857,3.0306,0.9356
IDN,Indonesia,2020,-2.0655,53.643279615454446,51.204060056684426,55.31310701784698,55.10729312388047,51.90041843261055,54.828033375639656,1.9198,0.8498
IDN,Indonesia,2021,3.7029,55.018210901207894,50.77567517841749,68.12045690550363,53.643279615454446,51.204060056684426,55.31310701784698,1.5601,0.7046
IDN,Indonesia,2022,5.3072,58.940640224425046,52.650342219852384,69.9896157840083,55.018210901207894,50.77567517841749,68.12045690550363,4.2095,0.7461
IDN,Indonesia,2023,5.049,58.40308123905393,54.75723413168819,69.26272066458982,58.940640224425046,52.650342219852384,69.9896157840083,3.6694,0.8427
IDN,Indonesia,2024,5.0303,65.0041462489323,53.88263153694709,67.91277258566979,58.40308123905393,54.75723413168819,69.26272066458982,2.1815,0.8139
KHM,Cambodia,1976,0.0,16.47757657644312,14.595060708713492,,15.407946582667991,20.367075946371635,,,-7.0234
KHM,Cambodia,1977,-14.6764,15.06679456084046,12.574189781850224,,16.47757657644312,14.595060708713492,,,-7.9075
KHM,Cambodia,1978,0.0,16.988560903832173,14.313488749581643,,15.06679456084046,12.574189781850224,,,-8.4036
KHM,Cambodia,1979,-12.8286,16.33051869595065,37.98992745033043,,16.988560903832173,14.313488749581643,,,-2.3853
KHM,Cambodia,1980,-5.6684,17.351925601889103,43.49639785894918,,16.33051869595065,37.98992745033043,,,2.159
KHM,Cambodia,1981,0.0411,17.910910625291805,45.77060797265811,,17.351925601889103,43.49639785894918,,,1.6143
KHM,Cambodia,1982,0.0,18.359042382172277,47.81480836021726,,17.910910625291805,45.77060797265811,,,2.8346
KHM,Cambodia,1983,4.4334,20.563234797593427,49.958378142116835,,18.359042382172277,47.81480836021726,,,3.6088
KHM,Cambodia,1984,4.9321,19.357208094560576,49.423772672245114,,20.563234797593427,49.958378142116835,,,3.6396
KHM,Cambodia,1985,4.6702,19.26769062759441,49.765875045018554,,19.357208094560576,49.423772672245114,,,3.3424
KHM,Cambodia,1986,3.8008,19.478774470485007,50.74007272826759,,19.26769062759441,49.765875045018554,,,3.9246
KHM,Cambodia,1987,21.5315,19.985138098334872,51.15689871057282,,19.478774470485007,50.74007272826759,,,4.2405
KHM,Cambodia,1988,11.9769,20.520760440163713,48.80866968452692,,19.985138098334872,51.15689871057282,,,3.8007
KHM,Cambodia,1989,3.4794,18.361731119762975,50.142034226634955,,20.520760440163713,48.80866968452692,,,3.7664
KHM,Cambodia,1990,1.1623,19.582104577959363,52.41802171272782,,18.361731119762975,50.142034226634955,,,4.1711
KHM,Cambodia,1991,7.5913,18.122733446124005,48.80111891790012,,19.582104577959363,52.41802171272782,,,4.1449
KHM,Cambodia,1992,7.0175,17.551409892853545,50.730073130655235,,18.122733446124005,48.80111891790012,,,5.3967
KHM,Cambodia,1993,4.0984,17.987869612066618,50.3940043850515,,17.551409892853545,50.730073130655235,,,6.0187
KHM,Cambodia,1994,-34.8086,18.77205611352335,53.10357965863751,,17.987869612066618,50.3940043850515,,,6.9786
KHM,Cambodia,1995,9.9035,23.659969319257705,48.478474858200336,0.0,18.77205611352335,53.10357965863751,,-0.7989,8.0982
KHM,Cambodia,1996,5.8975,23.001295794175622,47.94697334867828,0.0,23.659969319257705,48.478474858200336,0.0,7.1509,7.5231
KHM,Cambodia,1997,4.0066,22.009513489021565,44.408078646060524,0.0,23.001295794175622,47.94697334867828,0.0,7.9602,6.8837
KHM,Cambodia,1998,4.6816,23.72691764280541,38.256802412220765,0.0,22.009513489021565,44.408078646060524,0.0,14.8065,4.1242
KHM,Cambodia,1999,12.7054,22.927377415439288,40.24749544078135,0.0,23.72691764280541,38.256802412220765,0.0,4.0082,1.7067
KHM,Cambodia,2000,9.9936,23.645198746690074,38.80143683027793,0.0,22.927377415439288,40.24749544078135,0.0,-0.792,1.5902
KHM,Cambodia,2001,7.3897,23.380028651467217,39.751170760667705,0.0,23.645198746690074,38.80143683027793,0.0,-0.6006,1.5617
KHM,Cambodia,2002,6.2651,23.17697684835727,34.953484675210724,0.26270923744575325,23.380028651467217,39.751170760667705,0.0,0.2115,1.5424
KHM,Cambodia,2003,10.2837,23.75078944046519,37.67993005616507,0.0,23.17697684835727,34.953484675210724,0.26270923744575325,0.9417,1.5111
KHM,Cambodia,2004,9.4577,23.294993377483,38.640386629721554,0.0,23.75078944046519,37.67993005616507,0.0,4.3193,1.4738
KHM,Cambodia,2005,13.3033,23.39729549944412,36.65737863733925,0.0,23.294993377483,38.640386629721554,0.0,6.6153,1.4576
KHM,Cambodia,2006,10.9434,26.198033640125743,37.21508044503808,0.0,23.39729549944412,36.65737863733925,0.0,5.8107,1.4759
KHM,Cambodia,2007,10.3985,26.536423846440478,36.83987100101075,0.0,26.198033640125743,37.21508044503808,0.0,8.7088,1.4755
KHM,Cambodia,2008,7.4764,25.727221254713875,36.874567315642416,0.0,26.536423846440478,36.83987100101075,0.0,24.0969,1.5179
KHM,Cambodia,2009,4.0748,25.96063701953791,39.33667912380859,0.0,25.727221254713875,36.874567315642416,0.0,-1.2417,1.5767
KHM,Cambodia,2010,5.0769,27.322899524852755,38.70942860418038,0.0,25.96063701953791,39.33667912380859,0.0,3.9964,1.5562
KHM,Cambodia,2011,7.2867,27.598682662667624,39.409738623500516,0.0,27.322899524852755,38.70942860418038,0.0,5.4784,1.5184
KHM,Cambodia,2012,7.6503,28.013495532948276,40.40397671879324,0.0,27.598682662667624,39.409738623500516,0.0,2.9343,1.5
KHM,Cambodia,2013,7.8575,29.674087153186743,41.01942307864851,0.0,28.013495532948276,40.40397671879324,0.0,2.9416,1.4951
KHM,Cambodia,2014,8.0003,30.06616713538886,41.17368980458131,0.0,29.674087153186743,41.01942307864851,0.0,3.8557,1.4824
KHM,Cambodia,2015,7.207,30.281419866954657,42.90953750048556,0.7927774333539988,30.06616713538886,41.17368980458131,0.0,1.2239,1.4602
KHM,Cambodia,2016,7.9055,31.033965543596725,41.917915556173604,0.0,30.281419866954657,42.90953750048556,0.7927774333539988,3.0191,1.4586
KHM,Cambodia,2017,8.075,31.606638675903913,41.95176512511426,0.0,31.033965543596725,41.917915556173604,0.0,2.9126,1.3818
KHM,Cambodia,2018,8.7762,30.39180715788619,39.573342802505366,0.0,31.606638675903913,41.95176512511426,0.0,2.4591,1.2437
KHM,Cambodia,2019,7.937,32.04132630853863,45.412519982995136,0.0,30.39180715788619,39.573342802505366,0.0,1.9426,1.2626
KHM,Cambodia,2020,-3.5557,34.44082824378499,42.953308338494956,0.0,32.04132630853863,45.412519982995136,0.0,2.9403,1.4706
KHM,Cambodia,2021,3.0898,36.23948124325105,46.05310591917389,,34.44082824378499,42.953308338494956,0.0,2.9207,1.4768
KHM,Cambodia,2022,5.1299,31.500572948662324,46.41411331511635,,36.23948124325105,46.05310591917389,,5.3437,1.3309
KHM,Cambodia,2023,5.0073,30.481103810718693,48.804042956499785,,31.500572948662324,46.41411331511635,,2.1275,1.2832
KHM,Cambodia,2024,5.9751,23.38648351247749,46.5598272993339,,30.481103810718693,48.804042956499785,,0.808,1.2259
LAO,Lao PDR,1985,5.07,19.667191246051242,47.98642783278277,,18.988575675924274,47.74879661695393,,,2.7691
LAO,Lao PDR,1986,4.8851,20.951862594202446,48.12803835958313,,19.667191246051242,47.98642783278277,,,2.8138
LAO,Lao PDR,1987,-1.4258,18.585638869742898,48.27326254488167,,20.951862594202446,48.12803835958313,,,2.8421
LAO,Lao PDR,1988,-2.0102,19.281612781508127,44.81748938197501,,18.585638869742898,48.27326254488167,,,2.8641
LAO,Lao PDR,1989,14.1906,20.311274436107436,48.51026664814479,,19.281612781508127,44.81748938197501,,61.3326,2.8651
LAO,Lao PDR,1990,6.7046,24.287029706102867,45.059681426211,,20.311274436107436,48.51026664814479,,35.643,2.8458
LAO,Lao PDR,1991,4.2966,21.89388404304936,41.77518468450687,,24.287029706102867,45.059681426211,,13.4416,2.8163
LAO,Lao PDR,1992,5.5599,22.829208192409897,41.01888698235549,92.31568016614744,21.89388404304936,41.77518468450687,,9.8645,2.7691
LAO,Lao PDR,1993,5.9126,22.106926075467726,39.979604002406305,,22.829208192409897,41.01888698235549,92.31568016614744,6.2672,2.7134
LAO,Lao PDR,1994,8.159,22.788188190732637,40.09191301661232,,22.106926075467726,39.979604002406305,,6.7845,2.6156
LAO,Lao PDR,1995,7.0313,22.936754549205,33.34385553320912,40.23824727285769,22.788188190732637,40.09191301661232,,19.5939,2.4684
LAO,Lao PDR,1996,6.9283,23.44654669571568,35.20134928531635,39.66089230330754,22.936754549205,33.34385553320912,40.23824727285769,13.0244,2.3313
LAO,Lao PDR,1997,6.8721,23.201979113884473,35.45053031205129,50.57662218613994,23.44654669571568,35.20134928531635,39.66089230330754,27.5089,2.0855
LAO,Lao PDR,1998,3.9676,22.868352475792513,35.25178337345564,38.71597576443505,23.201979113884473,35.45053031205129,50.57662218613994,90.9807,1.8511
LAO,Lao PDR,1999,7.3064,24.413587148178674,35.492331857939625,38.30654381814687,22.868352475792513,35.25178337345564,38.71597576443505,125.2721,1.7475
LAO,Lao PDR,2000,5.7988,23.30981390851944,31.960570324113583,37.92088011748254,24.413587148178674,35.492331857939625,38.30654381814687,25.0846,1.679
LAO,Lao PDR,2001,5.7514,24.091400866099345,30.891690624359313,37.55567329695266,23.30981390851944,31.960570324113583,37.92088011748254,7.8118,1.6484
LAO,Lao PDR,2002,5.9187,24.233945948926696,33.63311487335219,40.64225255117116,24.091400866099345,30.891690624359313,37.55567329695266,10.6313,1.6063
LAO,Lao PDR,2003,6.067,22.710083751921122,32.405974609792864,36.89133979388118,24.233945948926696,33.63311487335219,40.64225255117116,15.4894,1.5396
LAO,Lao PDR,2004,6.3577,23.056355774117147,33.0531266865802,36.46871898650138,22.710083751921122,32.405974609792864,36.89133979388118,10.4623,1.4579
LAO,Lao PDR,2005,7.1076,25.612499754266228,37.13892198735187,36.07185176015424,23.056355774117147,33.0531266865802,36.46871898650138,7.1654,1.5088
LAO,Lao PDR,2006,8.6193,25.664405239825392,36.73544385003772,35.63320447352075,25.612499754266228,37.13892198735187,36.07185176015424,6.5456,1.5834
LAO,Lao PDR,2007,7.5968,25.631504224889067,38.32775494021096,46.21881519230479,25.664405239825392,36.73544385003772,35.63320447352075,4.662,1.5481
LAO,Lao PDR,2008,7.8249,26.560687928173298,36.79112392155752,34.658729725453014,25.631504224889067,38.32775494021096,46.21881519230479,7.6288,1.5196
LAO,Lao PDR,2009,7.5018,26.31158008106811,35.96779112198166,34.15173503451057,26.560687928173298,36.79112392155752,34.658729725453014,0.1412,1.4959
LAO,Lao PDR,2010,8.5269,26.763341836470474,35.06557151997682,33.410473970916485,26.31158008106811,35.96779112198166,34.15173503451057,5.9825,1.4719
LAO,Lao PDR,2011,8.0387,27.475583913816603,37.134028715652924,32.65404031418426,26.763341836470474,35.06557151997682,33.410473970916485,7.569,1.4481
LAO,Lao PDR,2012,8.0261,28.17218604179458,39.128752337100444,42.00910041973233,27.475583913816603,37.134028715652924,32.65404031418426,4.2551,1.4274
LAO,Lao PDR,2013,8.0263,28.3136071116213,38.356481549808514,30.969123464349536,28.17218604179458,39.128752337100444,42.00910041973233,6.3714,1.4076
LAO,Lao PDR,2014,7.612,28.05440921020741,38.2890473234074,29.736960536298284,28.3136071116213,38.356481549808514,30.969123464349536,4.1292,1.3788
LAO,Lao PDR,2015,7.2701,30.739147250580864,39.8860722535224,28.459795740050815,28.05440921020741,38.2890473234074,29.736960536298284,1.2774,1.4584
LAO,Lao PDR,2016,7.0228,32.9811272532935,39.134531086404245,26.752360741646324,30.739147250580864,39.8860722535224,28.459795740050815,1.5969,1.5632
LAO,Lao PDR,2017,6.8925,33.6132635708018,37.347331927217844,25.419135784230228,32.9811272532935,39.134531086404245,26.752360741646324,0.8255,1.5703
LAO,Lao PDR,2018,6.248,33.123277674349005,39.595477750125006,34.211395418756815,33.6132635708018,37.347331927217844,25.419135784230228,2.0404,1.5538
LAO,Lao PDR,2019,5.4577,33.38981575628525,41.23432726500262,22.699301498901736,33.123277674349005,39.595477750125006,34.211395418756815,3.3226,1.5258
LAO,Lao PDR,2020,0.503,33.80064614629753,38.46217476865545,21.53798081084856,33.38981575628525,41.23432726500262,22.699301498901736,5.1041,1.4934
LAO,Lao PDR,2021,2.5284,34.54608840002445,44.69181705418041,,33.80064614629753,38.46217476865545,21.53798081084856,3.7556,1.4414
LAO,Lao PDR,2022,2.7074,32.00281321012794,46.12730996194364,,34.54608840002445,44.69181705418041,,22.9562,1.4097
LAO,Lao PDR,2023,3.7457,31.087405054960232,46.38895591551611,,32.00281321012794,46.12730996194364,,31.2301,1.3924
LAO,Lao PDR,2024,4.1302,27.05489654592583,47.66322251171986,,31.087405054960232,46.38895591551611,,23.1306,1.3583
MMR,Myanmar,1961,0.4716,29.815393355037102,42.83596071535745,,20.02240516606955,33.86668569784589,,-0.1464,2.1863
MMR,Myanmar,1962,4.0869,23.809606860401576,43.099210876581346,,29.815393355037102,42.83596071535745,,-1.6129,2.2004
MMR,Myanmar,1963,13.3493,28.07819837186762,43.35187533397393,,23.809606860401576,43.099210876581346,,-2.6826,2.2157
MMR,Myanmar,1964,-5.894,24.39062776009239,43.622638001398606,,28.07819837186762,43.35187533397393,,-0.4594,2.2318
MMR,Myanmar,1965,10.6926,29.220379359798198,43.95733069797918,,24.39062776009239,43.622638001398606,,17.6923,2.2581
MMR,Myanmar,1966,-4.8518,23.59310389780708,44.08217908139759,,29.220379359798198,43.95733069797918,,25.4902,2.2685
MMR,Myanmar,1967,-5.9253,24.51919827263391,44.27942349509076,,23.59310389780708,44.08217908139759,,0.8333,2.2688
MMR,Myanmar,1968,12.0593,30.194073014760193,47.58493699197105,,24.51919827263391,44.27942349509076,,2.376,2.2697
MMR,Myanmar,1969,3.2917,25.995892618939106,47.75415146448002,,30.194073014760193,47.58493699197105,,-4.3391,2.2653
MMR,Myanmar,1970,4.9793,25.456345820992578,43.84945656604934,,25.995892618939106,47.75415146448002,,-4.0084,2.2609
MMR,Myanmar,1971,4.13,25.775042587818877,43.74716412545314,,25.456345820992578,43.84945656604934,,2.0879,2.2335
MMR,Myanmar,1972,2.4358,24.561383851671305,43.61081223493633,,25.775042587818877,43.74716412545314,,7.6426,2.209
MMR,Myanmar,1973,-0.9681,23.74749329745178,43.64175936426528,,24.561383851671305,43.61081223493633,,25.2,2.0819
MMR,Myanmar,1974,5.3424,24.697369542124537,43.32927821863976,,23.74749329745178,43.64175936426528,,25.2117,1.9507
MMR,Myanmar,1975,4.1527,23.985825921027587,46.88026102541766,,24.697369542124537,43.32927821863976,,31.6557,1.9353
MMR,Myanmar,1976,6.0804,24.803574773114658,46.79098560107548,,23.985825921027587,46.88026102541766,,22.3844,1.9111
MMR,Myanmar,1977,5.9523,23.96680764519358,47.10142059483238,,24.803574773114658,46.79098560107548,,-1.1567,1.9228
MMR,Myanmar,1978,6.5178,24.185604368628333,47.15321088309787,,23.96680764519358,47.10142059483238,,-6.0447,1.9486
MMR,Myanmar,1979,5.2013,21.00136249010668,47.083453613111104,,24.185604368628333,47.15321088309787,,5.6723,1.9315
MMR,Myanmar,1980,7.9385,21.817592682934645,43.20454879946802,,21.00136249010668,47.083453613111104,,0.6082,1.9162
MMR,Myanmar,1981,6.3558,23.054770616265436,43.00386325984286,,21.817592682934645,43.20454879946802,,0.3184,1.8829
MMR,Myanmar,1982,5.6039,23.196049556483175,46.66632576916231,,23.054770616265436,43.00386325984286,,5.3047,1.8267
MMR,Myanmar,1983,4.3911,24.65992325911355,48.12273276309,,23.196049556483175,46.66632576916231,,5.6501,1.9521
MMR,Myanmar,1984,4.9327,23.712890699630595,48.10413100254256,,24.65992325911355,48.12273276309,,4.8463,2.0732
MMR,Myanmar,1985,2.851,24.182602064930887,47.694426645792774,,23.712890699630595,48.10413100254256,,6.8076,1.9954
MMR,Myanmar,1986,-1.0573,24.69852039043139,47.07113028008892,,24.182602064930887,47.694426645792774,,9.3255,1.872
MMR,Myanmar,1987,-4.0056,27.39624149888984,46.59213192625451,,24.69852039043139,47.07113028008892,,24.76,1.7446
MMR,Myanmar,1988,-11.3524,27.940248101056486,46.22662491912685,,27.39624149888984,46.59213192625451,,16.0428,1.6438
MMR,Myanmar,1989,3.6953,28.243826340698764,46.01927376775702,,27.940248101056486,46.22662491912685,,27.1985,1.5773
MMR,Myanmar,1990,2.8169,28.758288005322804,41.10849806602802,,28.243826340698764,46.01927376775702,,17.6268,1.5251
MMR,Myanmar,1991,-0.6506,27.63839956075021,41.5198026689086,,28.758288005322804,41.10849806602802,,32.272,1.4385
MMR,Myanmar,1992,9.6609,28.089054035024784,40.85829909813991,,27.63839956075021,41.5198026689086,,21.9132,1.3675
MMR,Myanmar,1993,6.0394,28.151598445048744,40.83358464841743,,28.089054035024784,40.85829909813991,,31.8316,1.3392
MMR,Myanmar,1994,7.478,29.215392678976603,40.899130900941586,,28.151598445048744,40.83358464841743,,24.0988,1.323
MMR,Myanmar,1995,6.9481,28.58905729025196,40.84610225380263,,29.215392678976603,40.899130900941586,,25.1947,1.2998
MMR,Myanmar,1996,6.4427,28.750765890927866,40.95650022055876,,28.58905729025196,40.84610225380263,,16.2754,1.2815
MMR,Myanmar,1997,5.6516,28.35481664599427,41.27186040278536,1.7010229386236826,28.750765890927866,40.95650022055876,,29.6972,1.2754
MMR,Myanmar,1998,5.8662,27.950989616608943,41.11090305492567,0.7090824550526968,28.35481664599427,41.27186040278536,1.7010229386236826,51.4875,1.2482
MMR,Myanmar,1999,10.9451,29.446371216383085,41.46899140407516,1.0926844389336638,27.950989616608943,41.11090305492567,0.7090824550526968,18.401,1.1903
MMR,Myanmar,2000,13.7459,31.18482863354046,40.63706230078084,3.766274023558587,29.446371216383085,41.46899140407516,1.0926844389336638,-0.1092,1.1171
MMR,Myanmar,2001,11.344,29.300957087246825,41.45346593656254,2.150495970241786,31.18482863354046,40.63706230078084,3.766274023558587,21.1013,1.0549
MMR,Myanmar,2002,12.0255,29.64326946695503,39.61473876929797,5.668784872907627,29.300957087246825,41.45346593656254,2.150495970241786,57.0745,1.0033
MMR,Myanmar,2003,13.844,29.189449063179246,39.81069551049237,,29.64326946695503,39.61473876929797,5.668784872907627,36.5897,0.9355
MMR,Myanmar,2004,13.5647,29.597062389325224,40.05370859845681,,29.189449063179246,39.81069551049237,,4.5342,0.8568
MMR,Myanmar,2005,13.569,29.69949793402399,40.199139194429144,,29.597062389325224,40.05370859845681,,9.3686,0.7822
MMR,Myanmar,2006,13.0761,29.96744519567595,41.5164058954714,,29.69949793402399,40.199139194429144,,19.9965,0.7283
MMR,Myanmar,2007,11.9914,30.243977865390118,41.94818758248647,,29.96744519567595,41.5164058954714,,35.0246,0.7088
MMR,Myanmar,2008,10.2553,29.487965571240473,41.531689083208526,,30.243977865390118,41.94818758248647,,26.7995,0.5507
MMR,Myanmar,2009,10.55,30.46313370831733,42.70520138067585,,29.487965571240473,41.531689083208526,,1.4723,0.5557
MMR,Myanmar,2010,9.6344,30.558478233597143,43.41418525647092,,30.46313370831733,42.70520138067585,,7.7184,0.7451
MMR,Myanmar,2011,5.5915,29.579039318416758,40.47586461441677,,30.558478233597143,43.41418525647092,,5.0215,0.8034
MMR,Myanmar,2012,7.3327,29.996778331207317,43.17745178509909,,29.579039318416758,40.47586461441677,,1.4676,0.8415
MMR,Myanmar,2013,8.426,30.438408535704212,43.46779554919517,,29.996778331207317,43.17745178509909,,5.643,0.8496
MMR,Myanmar,2014,8.1699,31.000587666421236,45.58084107574392,,30.438408535704212,43.46779554919517,,4.9533,0.8301
MMR,Myanmar,2015,6.9928,31.06477997675827,46.25355654849346,82.6583592938733,31.000587666421236,45.58084107574392,,9.4542,0.8007
MMR,Myanmar,2016,5.8625,32.404008448637086,44.22252378280555,,31.06477997675827,46.25355654849346,82.6583592938733,6.9288,0.7928
MMR,Myanmar,2017,6.1361,33.612013778598325,41.3572044509919,40.243104040445004,32.404008448637086,44.22252378280555,,4.5725,0.7723
MMR,Myanmar,2018,6.2689,32.16698852269704,42.87673619835703,1.6622752634841906,33.612013778598325,41.3572044509919,40.243104040445004,6.8723,0.7244
MMR,Myanmar,2019,6.5791,31.73702052374052,44.185718648405626,2.6154680719156853,32.16698852269704,42.87673619835703,1.6622752634841906,8.8251,0.7024
MMR,Myanmar,2020,-9.0483,32.302090417196716,42.672025762467385,5.41692498450093,31.73702052374052,44.185718648405626,2.6154680719156853,,0.7114
MMR,Myanmar,2021,-12.0164,32.54492377851959,41.41246366145868,4.188623682579045,32.302090417196716,42.672025762467385,5.41692498450093,,0.6966
MMR,Myanmar,2022,4.0375,29.733358646851478,42.21721919227042,0.7478301301921885,32.54492377851959,41.41246366145868,4.188623682579045,,0.6901
MMR,Myanmar,2023,0.9584,28.42638919531063,42.731006025832464,0.3061066336019839,29.733358646851478,42.21721919227042,0.7478301301921885,,0.6989
MMR,Myanmar,2024,-0.972,23.1844492570562,39.81174969230238,,28.42638919531063,42.731006025832464,0.3061066336019839,,0.6744
MYS,Malaysia,1961,7.598,21.6961162992104,50.51458710843206,,22.729789136436548,51.5866454138728,,-0.1804,2.5837
MYS,Malaysia,1962,6.421,23.23465112643629,50.70426677210212,,21.6961162992104,50.51458710843206,,0.1084,2.608
MYS,Malaysia,1963,7.3388,20.502724270477348,50.80195290797316,,23.23465112643629,50.70426677210212,,3.1053,2.6145
MYS,Malaysia,1964,5.359,20.527183059894995,50.73761732099126,,20.502724270477348,50.80195290797316,,-0.4027,2.5961
MYS,Malaysia,1965,7.6849,21.12817145290927,50.54081830829224,,20.527183059894995,50.73761732099126,,-0.1055,2.5498
MYS,Malaysia,1966,7.8167,22.3304912164426,50.26670075629597,,21.12817145290927,50.54081830829224,,0.968,2.4894
MYS,Malaysia,1967,3.8571,20.929049482985942,49.754882205160534,,22.3304912164426,50.26670075629597,,4.5756,2.3672
MYS,Malaysia,1968,7.978,19.65561214263038,49.51626112566693,,20.929049482985942,49.754882205160534,,-0.1583,2.269
MYS,Malaysia,1969,4.8885,20.75772093021853,49.405427877117354,,19.65561214263038,49.51626112566693,,-0.409,2.2602
MYS,Malaysia,1970,5.9865,22.19632401309383,52.04335165327645,,20.75772093021853,49.405427877117354,,1.8439,2.2976
MYS,Malaysia,1971,10.0347,20.66424001515452,49.651877649945945,,22.19632401309383,52.04335165327645,,1.613,2.3751
MYS,Malaysia,1972,9.3884,18.107336120205744,49.706762548701974,,20.66424001515452,49.651877649945945,,3.2316,2.4018
MYS,Malaysia,1973,11.7011,18.749432497099555,49.76926467295824,,18.107336120205744,49.706762548701974,,10.5602,2.3949
MYS,Malaysia,1974,8.3187,19.312823832745753,51.10516009333556,,18.749432497099555,49.76926467295824,,17.329,2.3969
MYS,Malaysia,1975,0.8011,19.60212499679556,52.04508559481644,,19.312823832745753,51.10516009333556,,4.4877,2.3907
MYS,Malaysia,1976,11.5635,19.009621383013997,49.87449539712998,,19.60212499679556,52.04508559481644,,2.6337,2.396
MYS,Malaysia,1977,7.7531,19.694352182928718,49.86660866963702,,19.009621383013997,49.87449539712998,,4.7882,2.4017
MYS,Malaysia,1978,6.6539,19.899215212335136,49.85662125634058,,19.694352182928718,49.86660866963702,,4.8601,2.4008
MYS,Malaysia,1979,9.3491,20.02646393384518,49.8770871350519,,19.899215212335136,49.85662125634058,,3.6545,2.402
MYS,Malaysia,1980,7.4418,21.778000864856597,50.69629219914523,,20.02646393384518,49.8770871350519,,6.6749,2.7763
MYS,Malaysia,1981,6.9421,22.248395756666934,53.01454234489604,,21.778000864856597,50.69629219914523,,9.7,3.1526
MYS,Malaysia,1982,5.9432,21.0863382314428,53.996304328587684,,22.248395756666934,53.01454234489604,,5.8189,3.1847
MYS,Malaysia,1983,6.2522,21.795296344898652,54.51279562355249,,21.0863382314428,53.996304328587684,,3.7042,3.2231
MYS,Malaysia,1984,7.7618,23.756737721931614,57.96411209425028,40.80996884735203,21.795296344898652,54.51279562355249,,3.8973,3.258
MYS,Malaysia,1985,-1.0253,22.984963052706007,54.01229645114896,,23.756737721931614,57.96411209425028,40.80996884735203,0.3465,3.2874
MYS,Malaysia,1986,1.2406,20.657624255261418,52.69272072465219,,22.984963052706007,54.01229645114896,,0.737,3.2774
MYS,Malaysia,1987,5.1919,22.21348726375016,56.87321637666785,41.53686396677051,20.657624255261418,52.69272072465219,,0.29,3.2235
MYS,Malaysia,1988,9.9377,23.795786766945103,54.00345938770411,,22.21348726375016,56.87321637666785,41.53686396677051,2.5565,3.144
MYS,Malaysia,1989,9.0596,22.909194371020586,56.110287791485504,41.53686396677051,23.795786766945103,54.00345938770411,,2.8132,3.0396
MYS,Malaysia,1990,9.0085,27.99074438037657,44.021964486218906,,22.909194371020586,56.110287791485504,41.53686396677051,2.6178,2.9487
MYS,Malaysia,1991,9.5455,27.72798892745648,49.25635518591458,,27.99074438037657,44.021964486218906,,4.3583,2.8159
MYS,Malaysia,1992,8.8851,27.099140189393637,50.418560837902554,38.213914849428875,27.72798892745648,49.25635518591458,,4.7672,2.6475
MYS,Malaysia,1993,9.8949,27.594741808266523,48.37001786121957,,27.099140189393637,50.418560837902554,38.213914849428875,3.5366,2.5585
MYS,Malaysia,1994,9.212,28.326621960562495,48.63545412203382,,27.594741808266523,48.37001786121957,,3.725,2.5435
MYS,Malaysia,1995,9.8291,29.602436994694315,50.35502659200434,8.125215818352402,28.326621960562495,48.63545412203382,,3.4506,2.5413
MYS,Malaysia,1996,10.0027,28.973657957600714,49.3321514744304,2.1222921524406098,29.602436994694315,50.35502659200434,8.125215818352402,3.4886,2.5231
MYS,Malaysia,1997,7.3227,28.51294597056597,51.77603126035314,6.0493736169929795,28.973657957600714,49.3321514744304,2.1222921524406098,2.6625,2.4874
MYS,Malaysia,1998,-7.3594,29.663881985807556,49.26118256517666,3.277489763309333,28.51294597056597,51.77603126035314,6.0493736169929795,5.2703,2.4561
MYS,Malaysia,1999,6.1376,31.251137396526442,49.62403321771138,0.2880861226965931,29.663881985807556,49.26118256517666,3.277489763309333,2.7446,2.3853
MYS,Malaysia,2000,8.8589,32.8918024935782,55.641471805258064,3.695327750143355,31.251137396526442,49.62403321771138,0.2880861226965931,1.5347,2.3448
MYS,Malaysia,2001,0.5177,32.00243763643535,52.717980344963,0.22854506825799503,32.8918024935782,55.641471805258064,3.695327750143355,1.4168,2.4035
MYS,Malaysia,2002,5.391,32.085677539886994,53.398056914010816,5.115012678970242,32.00243763643535,52.717980344963,0.22854506825799503,1.8079,2.4186
MYS,Malaysia,2003,5.7885,32.888659796002464,54.79355946890665,5.891858969964697,32.085677539886994,53.398056914010816,5.115012678970242,1.0897,2.3662
MYS,Malaysia,2004,6.7834,33.414171175663306,52.546850002565705,4.705267862589581,32.888659796002464,54.79355946890665,5.891858969964697,1.4213,2.3117
MYS,Malaysia,2005,5.3321,33.91456602372197,51.044260048440776,0.2231732975752062,33.414171175663306,52.546850002565705,4.705267862589581,2.9751,2.2677
MYS,Malaysia,2006,5.5848,34.02545132716327,52.628330925912,7.764698466271877,33.91456602372197,51.044260048440776,0.2231732975752062,3.6092,2.2271
MYS,Malaysia,2007,6.2988,34.91164945583113,50.79650774411426,0.22089213468251506,34.02545132716327,52.628330925912,7.764698466271877,2.0274,2.1735
MYS,Malaysia,2008,4.8318,35.99921115819785,52.26439205918359,8.822380267236632,34.91164945583113,50.79650774411426,0.22089213468251506,5.4408,2.0953
MYS,Malaysia,2009,-1.5135,35.90475277625863,50.99508593505127,7.878878154825019,35.99921115819785,52.26439205918359,8.822380267236632,0.5833,1.9921
MYS,Malaysia,2010,7.4248,35.816246151099286,52.628281377909204,8.08049346313524,35.90475277625863,50.99508593505127,7.878878154825019,1.6229,1.8704
MYS,Malaysia,2011,5.2939,36.282017071872225,53.33794324050147,8.757997613901209,35.816246151099286,52.628281377909204,8.08049346313524,3.1745,1.7513
MYS,Malaysia,2012,5.4735,36.706735708905676,51.678515976815625,8.517880902598247,36.282017071872225,53.33794324050147,8.757997613901209,1.6636,1.7027
MYS,Malaysia,2013,4.6937,36.502377264315264,53.80491962328124,1.1521055814616272,36.706735708905676,51.678515976815625,8.517880902598247,2.105,1.7095
MYS,Malaysia,2014,6.0067,37.05819473768109,52.070293021756996,9.813551081679632,36.502377264315264,53.80491962328124,1.1521055814616272,3.143,1.7147
MYS,Malaysia,2015,5.0915,36.47853587122391,54.858391989897534,8.766399253648974,37.05819473768109,52.070293021756996,9.813551081679632,2.1044,1.7332
MYS,Malaysia,2016,4.4498,36.51509938630254,53.5036835291256,10.988129068591574,36.47853587122391,54.858391989897534,8.766399253648974,2.0906,1.7673
MYS,Malaysia,2017,5.8127,36.11353771243851,53.21693693970952,0.17722988376556004,36.51509938630254,53.5036835291256,10.988129068591574,3.8712,1.7647
MYS,Malaysia,2018,4.8431,36.39534524319745,55.387830500175035,6.9453918318397685,36.11353771243851,53.21693693970952,0.17722988376556004,0.8847,1.7017
MYS,Malaysia,2019,4.4132,35.829441450262514,54.60285827278565,0.13558791374144555,36.39534524319745,55.387830500175035,6.9453918318397685,0.6629,1.5965
MYS,Malaysia,2020,-5.4568,35.908384165636896,50.292716120790416,7.344168575453293,35.829441450262514,54.60285827278565,0.13558791374144555,-1.1387,1.3336
MYS,Malaysia,2021,3.3153,34.810780315427124,56.13399003496694,0.0,35.908384165636896,50.292716120790416,7.344168575453293,2.4771,1.1525
MYS,Malaysia,2022,9.0317,34.37195305174111,57.447337103923616,,34.810780315427124,56.13399003496694,0.0,3.3787,1.1978
MYS,Malaysia,2023,3.5371,31.86326081042127,53.22185255724829,,34.37195305174111,57.447337103923616,,2.4889,1.234
MYS,Malaysia,2024,5.1055,29.781020143928032,47.66959417904814,,31.86326081042127,53.22185255724829,,1.8341,1.2206
PHL,Philippines,1961,5.6955,23.509561462383164,51.65822629584789,,21.20299620128591,43.54425656229966,,1.5956,3.1783
PHL,Philippines,1962,4.8463,24.669614717120822,51.68140677503455,,23.509561462383164,51.65822629584789,,5.7967,3.182
PHL,Philippines,1963,7.0163,22.717187821669285,51.671323045419804,,24.669614717120822,51.68140677503455,,5.6255,3.15
PHL,Philippines,1964,3.4025,24.302359148320832,51.58567007788252,,22.717187821669285,51.671323045419804,,8.1831,3.1079
PHL,Philippines,1965,5.3451,23.019736789951008,51.490900030083495,,24.302359148320832,51.58567007788252,,2.5641,3.0571
PHL,Philippines,1966,4.4412,23.88377995592629,51.269511573045165,,23.019736789951008,51.490900030083495,,5.4,2.9948
PHL,Philippines,1967,5.2227,23.136629551238457,51.21471513340799,,23.88377995592629,51.269511573045165,,6.254,2.9433
PHL,Philippines,1968,5.0382,21.4398528952967,51.032167345888446,,23.136629551238457,51.21471513340799,,2.3588,2.8952
PHL,Philippines,1969,4.6895,21.898557001553925,50.70938062536908,,21.4398528952967,51.032167345888446,,1.9555,2.8286
PHL,Philippines,1970,3.6925,23.35352352661033,45.32365128263123,,21.898557001553925,50.70938062536908,,14.3815,2.5886
PHL,Philippines,1971,5.389,25.822322175246555,48.01150172180121,,23.35352352661033,45.32365128263123,,21.4033,2.3548
PHL,Philippines,1972,5.4304,25.270171813203607,47.60974071814921,,25.822322175246555,48.01150172180121,,8.204,2.284
PHL,Philippines,1973,8.782,25.685784374461022,47.298642072309335,,25.270171813203607,47.60974071814921,,16.58,2.2223
PHL,Philippines,1974,3.3946,25.740088065045075,46.837529825679944,,25.685784374461022,47.298642072309335,,34.1636,2.1609
PHL,Philippines,1975,5.4511,25.77110063615709,46.53834807582983,,25.740088065045075,46.837529825679944,,6.7614,2.2727
PHL,Philippines,1976,8.7784,25.720236041509565,47.796182333767035,,25.77110063615709,46.53834807582983,,9.1992,2.5333
PHL,Philippines,1977,5.563,25.683785230182053,49.93620120292114,,25.720236041509565,47.796182333767035,,9.8988,2.6643
PHL,Philippines,1978,5.1924,25.950027806811995,49.77000960113089,,25.683785230182053,49.93620120292114,,7.3345,2.6848
PHL,Philippines,1979,5.5956,25.888902296909944,49.423789550770934,,25.950027806811995,49.77000960113089,,17.5333,2.6669
PHL,Philippines,1980,5.2007,26.30624854098393,48.44944995889674,,25.888902296909944,49.423789550770934,,18.2005,2.6077
PHL,Philippines,1981,3.4222,27.37610311336425,49.56257494278972,,26.30624854098393,48.44944995889674,,13.0826,2.605
PHL,Philippines,1982,3.6984,27.106113643256826,48.75025973031124,,27.37610311336425,49.56257494278972,,10.2217,2.7679
PHL,Philippines,1983,1.897,27.19543017648939,49.731828907903655,,27.106113643256826,48.75025973031124,,10.0294,2.9138
PHL,Philippines,1984,-7.0394,27.58293934446692,49.442758422985754,,27.19543017648939,49.731828907903655,,50.339,2.8921
PHL,Philippines,1985,-6.8584,27.618175533478386,48.66641278729484,89.40809968847351,27.58293934446692,49.442758422985754,,23.1031,2.7298
PHL,Philippines,1986,3.5107,28.487248823628867,47.477217342844945,,27.618175533478386,48.66641278729484,89.40809968847351,1.1481,2.5607
PHL,Philippines,1987,4.3618,27.818618611446443,50.94574283062472,,28.487248823628867,47.477217342844945,,4.0698,2.635
PHL,Philippines,1988,6.6969,29.09346163981299,50.76643994096227,87.43509865005191,27.818618611446443,50.94574283062472,,13.8601,2.6831
PHL,Philippines,1989,6.1839,29.11895130550227,49.36809475742113,,29.09346163981299,50.76643994096227,87.43509865005191,12.243,2.5227
PHL,Philippines,1990,3.0827,29.07636767612844,44.49655162048419,,29.11895130550227,49.36809475742113,,12.1774,2.5612
PHL,Philippines,1991,-0.4364,26.057568348587633,40.81224802616471,85.66978193146417,29.07636767612844,44.49655162048419,,19.2615,2.4013
PHL,Philippines,1992,0.4176,25.992159619879054,42.156713101232604,,26.057568348587633,40.81224802616471,85.66978193146417,8.651,2.3697
PHL,Philippines,1993,2.1819,27.638181326902732,42.5249600996586,,25.992159619879054,42.156713101232604,,6.7163,2.4046
PHL,Philippines,1994,4.3737,27.333757057252605,45.84137302873649,84.94288681204569,27.638181326902732,42.5249600996586,,10.3865,2.1805
PHL,Philippines,1995,4.6252,27.372711668617992,41.45647457731044,13.006319493495674,27.333757057252605,45.84137302873649,84.94288681204569,6.832,2.1882
PHL,Philippines,1996,5.8603,27.69355907557272,42.826824762644094,12.718155251363319,27.372711668617992,41.45647457731044,13.006319493495674,7.4761,2.3036
PHL,Philippines,1997,5.1864,27.47531632965668,43.32866139436863,25.55448150618795,27.69355907557272,42.826824762644094,12.718155251363319,5.5903,2.3527
PHL,Philippines,1998,-0.5141,28.48582837864845,45.66892384015122,12.218589100468881,27.47531632965668,43.32866139436863,25.55448150618795,9.2349,2.5148
PHL,Philippines,1999,3.3465,29.80535830632744,43.44553503689445,12.010600519509733,28.48582837864845,45.66892384015122,12.218589100468881,5.939,2.5561
PHL,Philippines,2000,4.3825,28.514544652169793,44.17565996961026,24.090929519847332,29.80535830632744,43.44553503689445,12.010600519509733,3.9771,2.3793
PHL,Philippines,2001,3.0492,28.907610588921727,39.795476285048046,14.871576414676198,28.514544652169793,44.17565996961026,24.090929519847332,5.3455,2.206
PHL,Philippines,2002,3.7163,28.586184830527138,40.52272229793077,12.611228494924003,28.907610588921727,39.795476285048046,14.871576414676198,2.7228,2.0277
PHL,Philippines,2003,5.0869,28.743756683621807,44.49367995840811,22.48081012584751,28.586184830527138,40.52272229793077,12.611228494924003,2.2892,1.9821
PHL,Philippines,2004,6.5692,28.826738560776228,40.52847269153997,14.295068021586562,28.743756683621807,44.49367995840811,22.48081012584751,4.8292,1.9433
PHL,Philippines,2005,4.9425,28.714566102646963,42.97981407106569,12.010583964877682,28.826738560776228,40.52847269153997,14.295068021586562,6.5169,1.8594
PHL,Philippines,2006,5.3164,30.16858979689079,43.31525979432668,25.5713203691216,28.714566102646963,42.97981407106569,12.010583964877682,5.4852,1.6821
PHL,Philippines,2007,6.5193,31.189422179610318,44.192124104666256,11.593873083993557,30.16858979689079,43.31525979432668,25.5713203691216,2.9,1.7346
PHL,Philippines,2008,4.3445,31.313155765983023,45.97092456043783,13.332781571562482,31.189422179610318,44.192124104666256,11.593873083993557,8.2604,1.7673
PHL,Philippines,2009,1.4483,31.36419927402053,45.6371128011696,21.730760088361507,31.313155765983023,45.97092456043783,13.332781571562482,4.219,1.8016
PHL,Philippines,2010,7.3345,31.28999163647911,48.705864362434525,13.668585993871664,31.36419927402053,45.6371128011696,21.730760088361507,3.7898,2.048
PHL,Philippines,2011,3.8582,31.71443150839383,43.31302335461862,11.363075422039309,31.28999163647911,48.705864362434525,13.668585993871664,4.7184,1.9647
PHL,Philippines,2012,6.897,32.36413572966526,47.82213629496093,24.20494340879448,31.71443150839383,43.31302335461862,11.363075422039309,3.027,1.9423
PHL,Philippines,2013,6.7505,32.472927451289074,47.10312369222284,19.12044099124163,32.36413572966526,47.82213629496093,24.20494340879448,2.5827,1.8797
PHL,Philippines,2014,6.348,33.674646042281076,45.33631851648107,22.27807209529125,32.472927451289074,47.10312369222284,19.12044099124163,3.5978,1.6428
PHL,Philippines,2015,6.3483,33.79306032581043,48.21727851423984,32.13446603974199,33.674646042281076,45.33631851648107,22.27807209529125,0.6742,1.4788
PHL,Philippines,2016,7.1495,34.643869883538684,44.6927846650079,29.968146156548855,33.79306032581043,48.21727851423984,32.13446603974199,1.2537,1.3419
PHL,Philippines,2017,6.931,35.518873430133134,44.58461661005065,27.59841321443473,34.643869883538684,44.6927846650079,29.968146156548855,2.8532,1.2883
PHL,Philippines,2018,6.3415,35.22796286611685,46.498478027065836,31.144408075671652,35.518873430133134,44.58461661005065,27.59841321443473,5.3093,1.2369
PHL,Philippines,2019,6.1185,35.60441929572022,49.02979954185406,26.81658989237472,35.22796286611685,46.498478027065836,31.144408075671652,2.3921,1.2162
PHL,Philippines,2020,-9.5183,35.6867188231386,46.26526151667633,27.86900625064507,35.60441929572022,49.02979954185406,26.81658989237472,2.3932,1.1455
PHL,Philippines,2021,5.7147,37.86790160866276,47.332327766396915,61.6822429906542,35.6867188231386,46.26526151667633,27.86900625064507,3.9272,0.9057
PHL,Philippines,2022,7.581,36.18708051481057,45.568291357975895,,37.86790160866276,47.332327766396915,61.6822429906542,5.8212,0.7605
PHL,Philippines,2023,5.5189,34.57488106016731,49.02077690572367,57.94392523364487,36.18708051481057,45.568291357975895,,5.978,0.81
PHL,Philippines,2024,5.692,31.252995944034186,42.605497161635554,,34.57488106016731,49.02077690572367,57.94392523364487,3.2126,0.8256
SGP,Singapore,1961,8.1375,24.42900404393588,51.69272308703851,,15.195202350218088,54.79840494275288,,0.4,3.3448
SGP,Singapore,1962,7.5534,26.22825224570954,50.996635477761465,,24.42900404393588,51.69272308703851,,0.4196,2.7691
SGP,Singapore,1963,10.0402,23.605093353335672,50.898578610865535,,26.22825224570954,50.996635477761465,,2.2052,2.5275
SGP,Singapore,1964,-3.1032,26.658958251103005,50.70001650170018,,23.605093353335672,50.898578610865535,,1.7261,2.563
SGP,Singapore,1965,7.8343,24.16638536494236,50.095450340883566,,26.658958251103005,50.70001650170018,,0.1786,2.4301
SGP,Singapore,1966,10.1801,27.869335688105426,49.90455987109635,,24.16638536494236,50.095450340883566,,2.0058,2.4862
SGP,Singapore,1967,12.5086,29.967410973931493,48.64162895962928,,27.869335688105426,49.90455987109635,,3.3428,2.2087
SGP,Singapore,1968,13.527,26.11356390190082,47.613920163521485,,29.967410973931493,48.64162895962928,,0.6554,1.7245
SGP,Singapore,1969,13.8338,28.096477882019432,46.96865895426583,,26.11356390190082,47.613920163521485,,-0.2731,1.5045
SGP,Singapore,1970,13.942,20.61113341153829,50.39695096066296,,28.096477882019432,46.96865895426583,,0.4634,1.5549
SGP,Singapore,1971,12.4134,21.608194327854275,47.203706195086745,,20.61113341153829,50.39695096066296,,1.761,1.8338
SGP,Singapore,1972,13.3156,21.910098946787127,47.44935071203786,,21.608194327854275,47.203706195086745,,2.0808,1.8522
SGP,Singapore,1973,10.603,22.991540559101413,47.18918384329994,,21.910098946787127,47.44935071203786,,19.6367,1.8687
SGP,Singapore,1974,6.1174,21.349106919295508,46.35101078226757,,22.991540559101413,47.18918384329994,,22.3684,1.6641
SGP,Singapore,1975,3.9887,24.733242086852947,48.56261071891021,,21.349106919295508,46.35101078226757,,2.5365,1.4603
SGP,Singapore,1976,7.4372,25.02658223851836,46.111509841503675,,24.733242086852947,48.56261071891021,,-1.8419,1.3477
SGP,Singapore,1977,6.8524,24.548734424820992,45.76751170218979,,25.02658223851836,46.111509841503675,,3.164,1.3857
SGP,Singapore,1978,7.7772,25.359147293570825,45.74242558470759,,24.548734424820992,45.76751170218979,,4.8725,1.2097
SGP,Singapore,1979,9.5544,24.908438202724778,45.938202789269106,,25.359147293570825,45.74242558470759,,4.0765,1.2624
SGP,Singapore,1980,10.1134,25.0881864714896,51.93243791818956,,24.908438202724778,45.938202789269106,,8.5269,1.2692
SGP,Singapore,1981,10.8159,23.986008422758054,54.08884413374243,,25.0881864714896,51.93243791818956,,8.182,4.8077
SGP,Singapore,1982,7.1021,23.939106134867906,49.57054055767993,,23.986008422758054,54.08884413374243,,3.9163,4.3886
SGP,Singapore,1983,8.5545,23.977802722740886,46.41635202667771,,23.939106134867906,49.57054055767993,,1.1964,1.2987
SGP,Singapore,1984,8.7923,24.819107680022363,46.94632415308398,,23.977802722740886,46.41635202667771,,2.601,1.8902
SGP,Singapore,1985,-0.6227,23.51403107466625,45.367525732280455,,24.819107680022363,46.94632415308398,,0.4801,0.1366
SGP,Singapore,1986,1.3428,22.862274926768148,45.31088381843465,,23.51403107466625,45.367525732280455,,-1.3857,-0.0945
SGP,Singapore,1987,10.7979,23.355657257823765,47.76293893189604,,22.862274926768148,45.31088381843465,,0.5233,1.5038
SGP,Singapore,1988,11.2636,22.992900036488198,49.766770450678514,,23.355657257823765,47.76293893189604,,1.5232,2.5378
SGP,Singapore,1989,10.1588,22.284304214008078,50.10397252074711,,22.992900036488198,49.766770450678514,,2.3455,2.9357
SGP,Singapore,1990,9.8209,25.81019177866153,48.077832749347245,,22.284304214008078,50.10397252074711,,3.4608,3.8891
SGP,Singapore,1991,6.6884,24.567736022555135,54.268309988501024,,25.81019177866153,48.077832749347245,,3.4257,2.8455
SGP,Singapore,1992,6.6398,24.3523219365088,53.819714332243656,,24.567736022555135,54.268309988501024,,2.2631,3.0043
SGP,Singapore,1993,11.4597,25.18257560759938,54.40680556262651,,24.3523219365088,53.819714332243656,,2.2893,2.5298
SGP,Singapore,1994,11.0957,25.223699436597034,54.98974072888427,,25.18257560759938,54.40680556262651,,3.1001,3.1366
SGP,Singapore,1995,7.1754,24.636596130764552,47.140495094533776,0.0,25.223699436597034,54.98974072888427,,1.7205,3.0378
SGP,Singapore,1996,7.4714,24.551366191764743,47.36372336156134,10.105393676379418,24.636596130764552,47.140495094533776,0.0,1.3832,4.0643
SGP,Singapore,1997,8.3162,24.397463958184378,48.1173963095656,10.847024178549287,24.551366191764743,47.36372336156134,10.105393676379418,2.0036,3.3574
SGP,Singapore,1998,-2.191,26.33182962647059,47.13689974876787,13.3384996900186,24.397463958184378,48.1173963095656,10.847024178549287,-0.2675,3.3972
SGP,Singapore,1999,5.7184,25.46668524505725,45.05054849325024,13.951487910725357,26.33182962647059,47.13689974876787,13.3384996900186,0.0167,0.7991
SGP,Singapore,2000,9.0383,27.16342224896016,56.80123649191196,13.957687538747674,25.46668524505725,45.05054849325024,13.951487910725357,1.3616,1.732
SGP,Singapore,2001,-1.0709,27.277948603149042,54.1991487833227,15.447923124612524,27.16342224896016,56.80123649191196,13.957687538747674,0.9972,2.6974
SGP,Singapore,2002,3.9234,24.755606209436618,51.58199931035722,15.630037197768136,27.277948603149042,54.1991487833227,15.447923124612524,-0.3917,0.9126
SGP,Singapore,2003,4.5483,26.17673295760524,51.871770096409854,15.351053936763794,24.755606209436618,51.58199931035722,15.630037197768136,0.5079,-1.4745
SGP,Singapore,2004,9.94,26.498682430419887,52.80468682780618,15.984965902045877,26.17673295760524,51.871770096409854,15.351053936763794,1.6627,1.2519
SGP,Singapore,2005,7.3663,24.795242721923156,50.22314727970555,16.523558586484814,26.498682430419887,52.80468682780618,15.984965902045877,0.4251,2.3505
SGP,Singapore,2006,9.0068,25.228984544559655,50.64514761709969,16.279448233106017,24.795242721923156,50.22314727970555,16.523558586484814,0.9657,3.1294
SGP,Singapore,2007,9.0215,26.9479556483337,51.126659979595175,17.854928704277746,25.228984544559655,50.64514761709969,16.279448233106017,2.1098,4.166
SGP,Singapore,2008,1.8635,27.42457851501009,53.1465090156867,20.0,26.9479556483337,51.126659979595175,17.854928704277746,6.6354,5.3215
SGP,Singapore,2009,0.128,28.23667081924145,49.82240978683731,16.367017978921265,27.42457851501009,53.1465090156867,20.0,0.5891,3.0159
SGP,Singapore,2010,14.5197,28.78261937665523,54.48501380644259,14.827185368877867,28.23667081924145,49.82240978683731,16.367017978921265,2.8288,1.7718
SGP,Singapore,2011,6.2149,28.579120407833216,53.772073808780874,15.915220086794793,28.78261937665523,54.48501380644259,14.827185368877867,5.2512,2.0849
SGP,Singapore,2012,4.4355,29.442913646401788,54.69096520589681,14.742715437073775,28.579120407833216,53.772073808780874,15.915220086794793,4.5808,2.4534
SGP,Singapore,2013,4.8176,30.302384728349132,54.13061093397494,14.763639181649102,29.442913646401788,54.69096520589681,14.742715437073775,2.3644,1.6193
SGP,Singapore,2014,3.9355,30.322893756071366,53.172061845002915,16.013639181649104,30.302384728349132,54.13061093397494,14.763639181649102,1.0332,1.2984
SGP,Singapore,2015,2.9768,28.73798785421096,54.354963053866115,16.72814631122133,30.322893756071366,53.172061845002915,16.013639181649104,-0.522,1.1864
SGP,Singapore,2016,3.7476,30.612642451297273,54.23302416114134,15.94001859888407,28.73798785421096,54.354963053866115,16.72814631122133,-0.5298,1.2974
SGP,Singapore,2017,4.4769,32.16149731855053,55.786910837371494,14.593924364538125,30.612642451297273,54.23302416114134,15.94001859888407,0.5768,0.0886
SGP,Singapore,2018,3.452,30.57322377989108,57.0650277034073,13.899566026038439,32.16149731855053,55.786910837371494,14.593924364538125,0.4388,0.4697
SGP,Singapore,2019,1.308,30.665604995142285,56.49573920750199,14.482331060136394,30.57322377989108,57.0650277034073,13.899566026038439,0.5678,1.1443
SGP,Singapore,2020,-3.8147,31.9395132325265,56.981327731341935,16.587104773713577,30.665604995142285,56.49573920750199,14.482331060136394,-0.1721,-0.3119
SGP,Singapore,2021,9.7568,31.68428488594839,58.5369025273251,,31.9395132325265,56.981327731341935,16.587104773713577,2.3161,-4.1703
SGP,Singapore,2022,4.108,29.82565133794607,61.05071517115745,,31.68428488594839,58.5369025273251,,6.131,3.3086
SGP,Singapore,2023,1.8214,30.175759554936796,60.6193049786496,,29.82565133794607,61.05071517115745,,4.8337,4.8583
SGP,Singapore,2024,4.388,23.544286400360104,52.38236960592588,,30.175759554936796,60.6193049786496,,2.3895,1.9945
THA,Thailand,1961,5.3621,28.754496854686504,49.71404886534684,,26.33280861946984,41.45540272918837,,7.387,2.9307
THA,Thailand,1962,7.5543,26.98845983199024,50.01958601599837,,28.754496854686504,49.71404886534684,,3.6961,2.9601
THA,Thailand,1963,7.9998,28.342584958817152,50.34003954149274,,26.98845983199024,50.01958601599837,,,2.9792
THA,Thailand,1964,6.831,27.59738307483715,50.56599011043081,,28.342584958817152,50.34003954149274,,-0.7921,2.9875
THA,Thailand,1965,8.1817,26.97647343603123,50.814269211537585,,27.59738307483715,50.56599011043081,,0.1663,2.9887
THA,Thailand,1966,11.1225,29.00835186698069,50.77387350100472,,26.97647343603123,50.814269211537585,,4.0352,2.9629
THA,Thailand,1967,8.616,25.380052104058237,50.86036977618702,,29.00835186698069,50.77387350100472,,4.3097,2.923
THA,Thailand,1968,8.1223,25.64269379410739,50.76538930006624,,25.380052104058237,50.86036977618702,,1.7904,2.8783
THA,Thailand,1969,6.5507,29.38357354048854,50.707740982505584,,25.64269379410739,50.76538930006624,,2.4504,2.8163
THA,Thailand,1970,11.4079,25.787209109801815,47.09574132915813,,29.38357354048854,50.707740982505584,,-0.088,2.7653
THA,Thailand,1971,4.8954,27.335496072123146,50.49491278792565,,25.787209109801815,47.09574132915813,,0.4847,2.6973
THA,Thailand,1972,4.2785,26.73526988867211,50.78095305723163,,27.335496072123146,50.49491278792565,,4.8378,2.6622
THA,Thailand,1973,10.2364,28.66368620629573,50.66044183029192,,26.73526988867211,50.78095305723163,,15.5095,2.6376
THA,Thailand,1974,4.4663,28.334716774945992,50.27315231414216,,28.66368620629573,50.66044183029192,,24.3136,2.5479
THA,Thailand,1975,4.9704,29.19098293988127,46.30387292905454,,28.334716774945992,50.27315231414216,,5.3301,2.4407
THA,Thailand,1976,9.3268,29.22960024080679,49.24423502904194,,29.19098293988127,46.30387292905454,,4.1493,2.3095
THA,Thailand,1977,9.8435,29.015254137946773,49.50615247691443,,29.22960024080679,49.24423502904194,,7.6013,2.2363
THA,Thailand,1978,10.2957,30.09356826299153,49.06502277764725,,29.015254137946773,49.50615247691443,,7.9241,2.1817
THA,Thailand,1979,5.3718,28.156652463900983,48.926029496073475,,30.09356826299153,49.06502277764725,,9.8974,2.1004
THA,Thailand,1980,5.1735,29.458525045533236,49.366148087758475,,28.156652463900983,48.926029496073475,,19.7035,2.0618
THA,Thailand,1981,5.9069,29.032117951878224,50.52524260621606,78.50467289719626,29.458525045533236,49.366148087758475,,12.663,2.0078
THA,Thailand,1982,5.3523,28.955342015271466,48.73256824444233,,29.032117951878224,50.52524260621606,78.50467289719626,5.2591,1.9533
THA,Thailand,1983,5.5842,29.67824781710711,49.1577772258325,,28.955342015271466,48.73256824444233,,3.7265,1.9366
THA,Thailand,1984,5.7524,28.932427443313376,49.06189627747642,,29.67824781710711,49.1577772258325,,0.8649,1.8991
THA,Thailand,1985,4.6472,29.40675529395749,49.11729950229335,,28.932427443313376,49.06189627747642,,2.4317,1.8451
THA,Thailand,1986,5.5338,29.664222892627308,48.80982715425091,,29.40675529395749,49.11729950229335,,1.8417,1.7883
THA,Thailand,1987,9.5189,30.39918232035173,45.58461685690452,,29.664222892627308,48.80982715425091,,2.4665,1.7361
THA,Thailand,1988,13.2881,31.924154926177508,51.502778861052,77.88161993769471,30.39918232035173,45.58461685690452,,3.8627,1.705
THA,Thailand,1989,12.1905,31.535649132060943,48.739129545367,,31.924154926177508,51.502778861052,77.88161993769471,5.3555,1.6465
THA,Thailand,1990,11.1672,31.922774863347932,49.80496389609413,73.83177570093457,31.535649132060943,48.739129545367,,5.864,1.6381
THA,Thailand,1991,8.5583,31.32282649189302,46.038662970953034,,31.922774863347932,49.80496389609413,73.83177570093457,5.7099,1.6292
THA,Thailand,1992,8.0834,31.372968487689356,49.23919540216446,67.601246105919,31.32282649189302,46.038662970953034,,4.1391,1.5895
THA,Thailand,1993,8.2519,31.02427056872873,48.977036504993144,,31.372968487689356,49.23919540216446,67.601246105919,3.3122,1.5436
THA,Thailand,1994,7.997,31.28025692324576,51.5392868332518,61.889927310488055,31.02427056872873,48.977036504993144,,5.0477,1.4743
THA,Thailand,1995,8.1203,31.3360330011597,49.77272670133158,0.0,31.28025692324576,51.5392868332518,61.889927310488055,5.8182,1.4271
THA,Thailand,1996,5.6519,31.844912848415635,53.19893930232819,15.460679478909357,31.3360330011597,49.77272670133158,0.0,5.8051,1.381
THA,Thailand,1997,-2.7536,30.886672283969904,52.022285007208836,1.1133498656747263,31.844912848415635,53.19893930232819,15.460679478909357,5.6258,1.3337
THA,Thailand,1998,-7.634,31.179945437121336,51.627113001519625,18.483904465212877,30.886672283969904,52.022285007208836,1.1133498656747263,7.9947,1.3056
THA,Thailand,1999,4.5723,31.87756156658986,51.27141174886892,17.231440185499565,31.179945437121336,51.627113001519625,18.483904465212877,0.2847,1.2541
THA,Thailand,2000,4.4552,32.629035130719664,53.51915904302679,17.351361825870924,31.87756156658986,51.27141174886892,17.231440185499565,1.592,1.1313
THA,Thailand,2001,3.4442,33.27960731209054,49.41468408728987,3.0533168009919405,32.629035130719664,53.51915904302679,17.351361825870924,1.6269,1.0158
THA,Thailand,2002,6.149,34.06768726109616,49.56963735592518,15.163893612644923,33.27960731209054,49.41468408728987,3.0533168009919405,0.6973,0.962
THA,Thailand,2003,7.1892,33.79646432928247,49.06363151234751,2.9629055589997932,34.06768726109616,49.56963735592518,15.163893612644923,1.8043,0.9319
THA,Thailand,2004,6.2893,35.092667867838465,51.55633275809749,13.525087248659162,33.79646432928247,49.06363151234751,2.9629055589997932,2.7591,0.8961
THA,Thailand,2005,4.1876,35.927286346184005,47.52242847409927,2.6219260177722674,35.092667867838465,51.55633275809749,13.525087248659162,4.5404,0.8601
THA,Thailand,2006,4.9678,36.34232185854718,45.89433678352281,11.601681624959202,35.927286346184005,47.52242847409927,2.6219260177722674,4.6375,0.8301
THA,Thailand,2007,5.4352,38.97182938810193,48.065664053032364,10.74749757615789,36.34232185854718,45.89433678352281,11.601681624959202,2.2415,0.8
THA,Thailand,2008,1.7257,38.87165076586428,49.17881868907981,10.200582993576981,38.97182938810193,48.065664053032364,10.74749757615789,5.4685,0.7682
THA,Thailand,2009,-0.6906,39.450221144141636,49.944021172848906,9.724967352166557,38.87165076586428,49.17881868907981,10.200582993576981,-0.8457,0.7385
THA,Thailand,2010,7.5134,40.95741750003189,52.041244185645326,9.380408445829008,39.450221144141636,49.944021172848906,9.724967352166557,3.2476,0.6706
THA,Thailand,2011,0.8401,40.789553867758116,51.32003904175899,9.214881167358412,40.95741750003189,52.041244185645326,9.380408445829008,3.8088,0.6218
THA,Thailand,2012,7.2428,41.90477670836721,51.32055164902844,7.615091727241261,40.789553867758116,51.32003904175899,9.214881167358412,3.0149,0.6196
THA,Thailand,2013,2.6875,42.59811525298241,50.80612513103011,9.030263382795162,41.90477670836721,51.32055164902844,7.615091727241261,2.1849,0.5873
THA,Thailand,2014,0.9845,41.693416980599935,51.31855216917688,9.16762751244271,42.59811525298241,50.80612513103011,9.030263382795162,1.8951,0.5301
THA,Thailand,2015,3.134,41.270359322178926,54.50662006058219,9.448564251773139,41.693416980599935,51.31855216917688,9.16762751244271,-0.9004,0.461
THA,Thailand,2016,3.4352,41.86733166100829,51.57032530921158,11.279387878471839,41.270359322178926,54.50662006058219,9.448564251773139,0.1881,0.4513
THA,Thailand,2017,4.1777,41.84741400256719,51.88177546559885,13.261721755157826,41.86733166100829,51.57032530921158,11.279387878471839,0.6656,0.423
THA,Thailand,2018,4.2229,40.98510138980851,53.02600642840074,14.50241989893898,41.84741400256719,51.88177546559885,13.261721755157826,1.0639,0.3029
THA,Thailand,2019,2.1146,42.14888406172489,53.61432809136909,14.11320996363271,40.98510138980851,53.02600642840074,14.50241989893898,0.7067,0.2046
THA,Thailand,2020,-6.05,41.70254802972276,51.957063942533225,15.879329398854967,42.14888406172489,53.61432809136909,14.11320996363271,-0.8459,0.1665
THA,Thailand,2021,1.5522,42.45842953662943,54.72696087533003,28.912650105998832,41.70254802972276,51.957063942533225,15.879329398854967,1.2304,0.1198
THA,Thailand,2022,2.5804,42.20818542527334,54.79856420582405,25.78070932306886,42.45842953662943,54.72696087533003,28.912650105998832,-1.6107,0.0111
THA,Thailand,2023,2.0178,40.53116971160584,54.88925851114992,7.268951194184839,42.20818542527334,54.79856420582405,25.78070932306886,8.4781,-0.0459
THA,Thailand,2024,2.5418,39.34652503750919,50.97286323188081,,40.53116971160584,54.88925851114992,7.268951194184839,1.3658,-0.048
VNM,Viet Nam,1985,3.8059,26.621647580051345,52.26815165224112,,27.174786798918586,52.98337459790706,,,2.3202
VNM,Viet Nam,1986,2.7893,28.107444720199105,51.267764833456745,,26.621647580051345,52.26815165224112,,,2.1548
VNM,Viet Nam,1987,3.5835,27.116584659547332,51.317046261644926,,28.107444720199105,51.267764833456745,,,2.0301
VNM,Viet Nam,1988,5.135,27.673905093732333,51.92486416405827,,27.116584659547332,51.317046261644926,,,2.0231
VNM,Viet Nam,1989,7.3645,30.26986181992011,55.795192865891096,,27.673905093732333,51.92486416405827,,,2.054
VNM,Viet Nam,1990,5.1009,31.7884050773691,56.2884697259092,,30.26986181992011,55.795192865891096,,,2.0937
VNM,Viet Nam,1991,5.9608,29.906122356608687,48.35861804323708,,31.7884050773691,56.2884697259092,,,2.0956
VNM,Viet Nam,1992,8.646,30.030321979165024,47.9139371510685,95.43094496365524,29.906122356608687,48.35861804323708,,,2.0253
VNM,Viet Nam,1993,8.0727,30.383511288311464,48.102316256803924,,30.030321979165024,47.9139371510685,95.43094496365524,,1.924
VNM,Viet Nam,1994,8.839,31.41926073349935,48.090545570737014,,30.383511288311464,48.102316256803924,,,1.8058
VNM,Viet Nam,1995,9.5405,30.70947790842583,51.89767977481469,0.0,31.41926073349935,48.090545570737014,,,1.6733
VNM,Viet Nam,1996,9.34,31.03968000925488,51.392180621258966,0.0,30.70947790842583,51.89767977481469,0.0,5.675,1.5241
VNM,Viet Nam,1997,8.1521,32.80819843783676,48.207985939517165,30.11422637590862,31.03968000925488,51.392180621258966,0.0,3.2095,1.4526
VNM,Viet Nam,1998,5.7645,34.06315184665751,51.42167155150036,0.0,32.80819843783676,48.207985939517165,30.11422637590862,7.2662,1.4349
VNM,Viet Nam,1999,4.7736,34.18576723114854,52.92176700355378,0.0,34.06315184665751,51.42167155150036,0.0,4.1171,1.3033
VNM,Viet Nam,2000,6.7873,32.49070792084966,50.27589821006903,0.0,34.18576723114854,52.92176700355378,0.0,-1.7103,1.1295
VNM,Viet Nam,2001,6.1929,32.446432028787505,47.629049452951854,0.0,32.49070792084966,50.27589821006903,0.0,-0.4315,1.0512
VNM,Viet Nam,2002,6.3208,33.09990678774274,46.12455220019085,24.220435403159296,32.446432028787505,47.629049452951854,0.0,3.8308,1.0245
VNM,Viet Nam,2003,6.8991,32.8588544332708,47.46947635451503,0.0,33.09990678774274,46.12455220019085,24.220435403159296,3.2346,0.9998
VNM,Viet Nam,2004,7.5364,33.41589153070891,47.30255725757629,28.556593977154723,32.8588544332708,47.46947635451503,0.0,7.7549,0.9696
VNM,Viet Nam,2005,7.5472,34.608973075342846,45.21267825693822,0.0,33.41589153070891,47.30255725757629,28.556593977154723,8.2846,0.9284
VNM,Viet Nam,2006,6.978,34.278645793682415,48.89109109232464,27.31048805815161,34.608973075342846,45.21267825693822,0.0,7.418,1.3226
VNM,Viet Nam,2007,7.1295,34.83517459106978,48.12296319336916,0.0,34.278645793682415,48.89109109232464,27.31048805815161,8.3444,1.7678
VNM,Viet Nam,2008,5.6618,35.96414568157671,49.779731161728925,26.341294565593632,34.83517459106978,48.12296319336916,0.0,23.1154,1.8275
VNM,Viet Nam,2009,5.3979,35.8635431610479,47.920811170395154,0.0,35.96414568157671,49.779731161728925,26.341294565593632,6.717,1.4965
VNM,Viet Nam,2010,6.4232,36.86875184878074,49.64001693671605,16.164762893734856,35.8635431610479,47.920811170395154,0.0,9.2075,1.1444
VNM,Viet Nam,2011,6.4132,37.92358978002536,44.459171137439654,1.725563132878694,36.86875184878074,49.64001693671605,16.164762893734856,18.6777,1.1518
VNM,Viet Nam,2012,5.5045,38.651134123431596,48.568171831012215,13.949463482173764,37.92358978002536,44.459171137439654,1.725563132878694,9.0947,1.171
VNM,Viet Nam,2013,5.5535,38.64458989942786,48.59751100579567,3.660363711510642,38.651134123431596,48.568171831012215,13.949463482173764,6.5927,1.1803
VNM,Viet Nam,2014,6.4222,38.70228490176386,48.608516415389914,12.114918656974732,38.64458989942786,48.59751100579567,3.660363711510642,4.0846,1.2142
VNM,Viet Nam,2015,6.9872,39.672314718725616,50.776055673885374,4.396569539160984,38.70228490176386,48.608516415389914,12.114918656974732,0.6312,1.2398
VNM,Viet Nam,2016,6.69,40.10677524846146,51.44063063572649,9.311180339217723,39.672314718725616,50.776055673885374,4.396569539160984,2.6682,1.2599
VNM,Viet Nam,2017,6.9402,40.30743174824508,49.08214541876216,5.2063959495763585,40.10677524846146,51.44063063572649,9.311180339217723,3.5203,1.2442
VNM,Viet Nam,2018,7.465,41.27842674673982,52.285977803591805,7.372793354101766,40.30743174824508,49.08214541876216,5.2063959495763585,3.5396,1.1079
VNM,Viet Nam,2019,7.3593,42.372939204760684,53.83873927434415,5.1741062202934485,41.27842674673982,52.285977803591805,7.372793354101766,2.7958,0.9684
VNM,Viet Nam,2020,2.8654,42.31175530064673,51.54561113155494,6.057459328487366,42.372939204760684,53.83873927434415,5.1741062202934485,3.2209,0.9274
VNM,Viet Nam,2021,2.5537,43.56340911516408,48.40579279681797,15.847799132052076,42.31175530064673,51.54561113155494,6.057459328487366,1.8347,0.8689
VNM,Viet Nam,2022,8.5375,42.57716831331534,54.522612672399475,19.31464174454829,43.56340911516408,48.40579279681797,15.847799132052076,3.1565,0.7508
VNM,Viet Nam,2023,5.065,42.71445499133756,51.98757422375708,,42.57716831331534,54.522612672399475,19.31464174454829,3.2529,0.6714
VNM,Viet Nam,2024,7.0912,42.77150309717607,52.37824957860612,,42.71445499133756,51.98757422375708,,3.6211,0.6313
