ISO3 code,year,Economy,GDP_growth,E_score,S_score,G_score,E_score_lag1,S_score_lag1,G_score_lag1,inflation,population_growth,d_E_score
BRN,1975,Brunei Darussalam,-0.6453,13.623951453512005,53.11060348519017,,12.787753573697737,54.58004139312912,,,3.4851,
BRN,1976,Brunei Darussalam,20.8741,14.016044001009403,54.23923943025018,,13.623951453512005,53.11060348519017,,,3.4429,0.3920925474973984
BRN,1977,Brunei Darussalam,9.934,14.237423611751993,53.5391960264573,,14.016044001009403,54.23923943025018,,,3.4069,0.2213796107425896
BRN,1978,Brunei Darussalam,7.0191,13.397218499739488,53.09668007390562,,14.237423611751993,53.5391960264573,,,3.2586,-0.8402051120125051
BRN,1979,Brunei Darussalam,24.3384,15.368283911610115,52.62754344157564,,13.397218499739488,53.09668007390562,,,3.1176,1.9710654118706277
BRN,1980,Brunei Darussalam,-9.708,14.123162166948852,51.41239706194283,,15.368283911610115,52.62754344157564,,,3.1045,-1.2451217446612635
BRN,1981,Brunei Darussalam,-22.3848,14.5830159994629,49.82851655953291,,14.123162166948852,51.41239706194283,,9.1371,3.1032,0.45985383251404777
BRN,1982,Brunei Darussalam,2.3015,14.403526894465031,48.81310134668061,,14.5830159994629,49.82851655953291,,6.3566,3.1724,-0.1794891049978684
BRN,1983,Brunei Darussalam,0.3994,14.45307918827354,51.08589375313071,,14.403526894465031,48.81310134668061,,1.1662,3.2646,0.04955229380850845
BRN,1984,Brunei Darussalam,-2.3766,15.178920635914482,48.25332298252165,,14.45307918827354,51.08589375313071,,3.074,3.324,0.725841447640942
BRN,1985,Brunei Darussalam,-2.9072,12.85127695592032,49.50439542205863,,15.178920635914482,48.25332298252165,,2.3532,3.3716,-2.3276436799941624
BRN,1986,Brunei Darussalam,-5.4072,12.920939234525989,55.76914377663298,,12.85127695592032,49.50439542205863,,1.7812,3.4021,0.06966227860566931
BRN,1987,Brunei Darussalam,2.0835,12.70472051763002,45.07925258716861,,12.920939234525989,55.76914377663298,,1.2469,3.2,-0.21621871689596794
BRN,1988,Brunei Darussalam,-1.5359,13.653015309330106,45.902156517777016,,12.70472051763002,45.07925258716861,,1.1928,2.9713,0.9482947917000857
BRN,1989,Brunei Darussalam,-2.7262,16.02397453373465,44.90555992368447,,13.653015309330106,45.902156517777016,,1.3043,2.9251,2.370959224404542
BRN,1990,Brunei Darussalam,2.6431,22.135548699935384,39.19880410987984,,16.02397453373465,44.90555992368447,,2.1387,2.8721,6.111574166200736
BRN,1991,Brunei Darussalam,2.9107,25.568603497165245,51.28387228826823,,22.135548699935384,39.19880410987984,,1.6,2.8209,3.433054797229861
BRN,1992,Brunei Darussalam,-3.1206,25.31048347975962,50.34261999921939,,25.568603497165245,51.28387228826823,,1.2795,2.7209,-0.25812001740562707
BRN,1993,Brunei Darussalam,-0.6336,25.48151149973596,50.46133105085172,,25.31048347975962,50.34261999921939,,4.2517,2.6087,0.17102801997634032
BRN,1994,Brunei Darussalam,0.9927,25.541263582693414,53.44545263773676,,25.48151149973596,50.46133105085172,,2.4625,2.5382,0.0597520829574556
BRN,1995,Brunei Darussalam,1.3473,24.96073765003808,53.572594541370826,,25.541263582693414,53.44545263773676,,5.9666,2.4699,-0.580525932655334
BRN,1996,Brunei Darussalam,-0.0273,25.101460041348552,52.57097856622197,,24.96073765003808,53.572594541370826,,1.9961,2.4026,0.14072239131047226
BRN,1997,Brunei Darussalam,6.3439,24.72571712422268,54.47669794619137,,25.101460041348552,52.57097856622197,,1.7116,2.341,-0.3757429171258728
BRN,1998,Brunei Darussalam,-6.6572,25.901829129326085,52.294272853229,,24.72571712422268,54.47669794619137,,-0.4414,2.2807,1.1761120051034055
BRN,1999,Brunei Darussalam,4.2607,26.672567825883597,52.77605002841285,,25.901829129326085,52.294272853229,,-0.4156,2.2242,0.7707386965575118
BRN,2000,Brunei Darussalam,3.4747,27.034396967885257,55.96554440671058,,26.672567825883597,52.77605002841285,,1.5582,2.1718,0.3618291420016604
BRN,2001,Brunei Darussalam,1.4661,26.142050824228946,58.1127978515677,,27.034396967885257,55.96554440671058,,0.5959,2.0981,-0.8923461436563116
BRN,2002,Brunei Darussalam,3.9614,25.52186131657277,56.10225857132483,0.0,26.142050824228946,58.1127978515677,,-2.315,2.0059,-0.6201895076561748
BRN,2003,Brunei Darussalam,3.5834,26.10604866155664,56.34880189494648,0.096869187848729,25.52186131657277,56.10225857132483,0.0,0.3,1.9041,0.5841873449838673
BRN,2004,Brunei Darussalam,0.1045,25.663844356124304,55.96749056681743,0.8175759454432732,26.10604866155664,56.34880189494648,0.096869187848729,0.8142,1.7938,-0.4422043054323339
BRN,2005,Brunei Darussalam,-0.0039,25.99657818089129,54.761998591544206,,25.663844356124304,55.96749056681743,0.8175759454432732,1.2444,1.6872,0.33273382476698643
BRN,2006,Brunei Darussalam,4.0984,27.316006054714705,54.64248591040376,,25.99657818089129,54.761998591544206,,0.1599,1.5885,1.3194278738234146
BRN,2007,Brunei Darussalam,-3.7636,28.21593538157405,54.942277431191016,,27.316006054714705,54.64248591040376,,0.9678,1.6886,0.8999293268593433
BRN,2008,Brunei Darussalam,-3.9007,29.17266290438316,55.15462400162159,,28.21593538157405,54.942277431191016,,2.085,1.8487,0.9567275228091106
BRN,2009,Brunei Darussalam,-1.9003,28.75840322595816,54.92238284169433,,29.17266290438316,55.15462400162159,,1.0357,1.8772,-0.414259678425001
BRN,2010,Brunei Darussalam,2.7414,28.948718142359247,54.07180419675356,,28.75840322595816,54.92238284169433,,0.3569,1.899,0.1903149164010891
BRN,2011,Brunei Darussalam,3.7444,29.50484367723931,55.15906364278574,,28.948718142359247,54.07180419675356,,0.1379,1.7827,0.5561255348800636
BRN,2012,Brunei Darussalam,0.9131,28.97265183983124,52.52918129469133,,29.50484367723931,55.15906364278574,,0.1118,1.5326,-0.532191837408071
BRN,2013,Brunei Darussalam,-2.1248,28.524864414508656,54.692424459605455,,28.97265183983124,52.52918129469133,,0.3892,1.3823,-0.4477874253225842
BRN,2014,Brunei Darussalam,-2.5079,28.72780377210617,52.24474489838465,,28.524864414508656,54.692424459605455,,-0.2071,1.3402,0.2029393575975149
BRN,2015,Brunei Darussalam,-0.3924,27.753489062327866,56.48053737346644,,28.72780377210617,52.24474489838465,,-0.4883,1.3021,-0.9743147097783051
BRN,2016,Brunei Darussalam,-2.4779,27.36954176242111,53.2060442927588,,27.753489062327866,56.48053737346644,,-0.2787,1.2596,-0.3839472999067546
BRN,2017,Brunei Darussalam,1.3287,28.59216924166597,55.38601245024053,,27.36954176242111,53.2060442927588,,-1.2605,1.2107,1.22262747924486
BRN,2018,Brunei Darussalam,0.0524,28.25641582642221,56.95841877176156,10.14026658400496,28.59216924166597,55.38601245024053,,1.0251,1.1574,-0.33575341524376157
BRN,2019,Brunei Darussalam,3.8688,28.860623557167187,59.51887245822854,,28.25641582642221,56.95841877176156,10.14026658400496,-0.3905,1.1062,0.604207730744978
BRN,2020,Brunei Darussalam,1.1336,29.715966885576314,56.77699277893263,,28.860623557167187,59.51887245822854,,1.9403,1.0615,0.855343328409127
BRN,2021,Brunei Darussalam,-1.5908,27.803671766841365,58.68853567763564,,29.715966885576314,56.77699277893263,,1.7334,0.9603,-1.9122951187349493
BRN,2022,Brunei Darussalam,-1.6283,26.51376507228705,57.723610197217575,,27.803671766841365,58.68853567763564,,3.6823,0.8046,-1.2899066945543147
BRN,2023,Brunei Darussalam,1.1276,22.853767174900614,54.92641785256559,,26.51376507228705,57.723610197217575,,0.3571,0.7829,-3.659997897386436
BRN,2024,Brunei Darussalam,4.0525,13.360688272182578,40.32607644609781,,22.853767174900614,54.92641785256559,,-0.3887,0.8185,-9.493078902718036
IDN,1961,Indonesia,5.7406,30.70020108294829,49.02420482343369,,24.08904223049958,40.7083213534638,,13.6919,2.7867,
IDN,1962,Indonesia,1.842,35.00901330755178,49.60997211756707,,30.70020108294829,49.02420482343369,,131.3978,2.807,4.308812224603493
IDN,1963,Indonesia,-2.237,28.701392582906134,50.18980019811907,,35.00901330755178,49.60997211756707,,145.9108,2.8251,-6.307620724645648
IDN,1964,Indonesia,3.5297,35.66630429034516,51.18752634703439,,28.701392582906134,50.18980019811907,,108.9947,2.8555,6.964911707439025
IDN,1965,Indonesia,1.0816,28.79987423752985,46.47355326507165,,35.66630429034516,51.18752634703439,,306.7631,2.529,-6.866430052815311
IDN,1966,Indonesia,2.7913,32.767003351167986,48.48559198078415,,28.79987423752985,46.47355326507165,,1136.2541,2.3667,3.967129113638137
IDN,1967,Indonesia,1.3804,24.27941909450028,49.57383505563451,,32.767003351167986,48.48559198078415,,106.0,2.5997,-8.487584256667706
IDN,1968,Indonesia,10.9152,29.29872152477067,51.83193514313273,,24.27941909450028,49.57383505563451,,128.843,2.7075,5.01930243027039
IDN,1969,Indonesia,6.8223,26.80398156068793,52.70908815365162,,29.29872152477067,51.83193514313273,,15.4799,2.7642,-2.49473996408274
IDN,1970,Indonesia,7.5546,31.0754480927004,47.85733937093208,,26.80398156068793,52.70908815365162,,12.3995,2.7523,4.271466532012472
IDN,1971,Indonesia,7.024,30.959204707889224,53.25950497914567,,31.0754480927004,47.85733937093208,,4.2337,2.7092,-0.11624338481117746
IDN,1972,Indonesia,7.0376,30.219655179240693,50.35672474958105,,30.959204707889224,53.25950497914567,,6.5217,2.6623,-0.7395495286485314
IDN,1973,Indonesia,8.104,32.39965793225739,50.60812731197422,,30.219655179240693,50.35672474958105,,31.0419,2.6272,2.180002753016698
IDN,1974,Indonesia,7.6347,31.56892004441997,50.37939753811003,,32.39965793225739,50.60812731197422,,40.4918,2.5738,-0.8307378878374223
IDN,1975,Indonesia,4.9773,32.610442406037166,46.46705089775869,,31.56892004441997,50.37939753811003,,19.1657,2.5261,1.0415223616171971
IDN,1976,Indonesia,6.8866,31.953436752661545,50.392308412287605,,32.610442406037166,46.46705089775869,,19.8286,2.4942,-0.6570056533756201
IDN,1977,Indonesia,8.7613,34.133591165727815,50.987819269052615,,31.953436752661545,50.392308412287605,,11.0521,2.4552,2.180154413066269
IDN,1978,Indonesia,6.7671,35.83359576667085,51.48684767634536,,34.133591165727815,50.987819269052615,,8.1126,2.4385,1.700004600943032
IDN,1979,Indonesia,7.3243,34.59729125333519,54.4978332318591,,35.83359576667085,51.48684767634536,,16.2328,2.4231,-1.2363045133356536
IDN,1980,Indonesia,9.8801,35.05066025863115,50.06328946481793,,34.59729125333519,54.4978332318591,,18.0354,2.3886,0.45336900529595425
IDN,1981,Indonesia,7.9272,36.75051407190757,52.76178821076346,,35.05066025863115,50.06328946481793,,12.2659,2.3452,1.6998538132764196
IDN,1982,Indonesia,2.2464,35.929858622979616,53.3748908921533,,36.75051407190757,52.76178821076346,,9.4454,2.3124,-0.8206554489279512
IDN,1983,Indonesia,4.193,37.38309230519469,54.02014634125409,,35.929858622979616,53.3748908921533,,11.7997,2.2802,1.453233682215071
IDN,1984,Indonesia,6.9755,38.85267434290044,48.91495586686544,100.0,37.38309230519469,54.02014634125409,,10.455,2.2297,1.4695820377057558
IDN,1985,Indonesia,2.4621,37.897070706068455,50.661477725515525,,38.85267434290044,48.91495586686544,100.0,4.7245,2.1363,-0.955603636831988
IDN,1986,Indonesia,5.875,38.96929485167296,55.80308588048974,,37.897070706068455,50.661477725515525,,5.8227,2.0175,1.0722241456045083
IDN,1987,Indonesia,4.9259,38.55947779662243,48.783288199720246,100.0,38.96929485167296,55.80308588048974,,9.2787,1.9414,-0.40981705505053156
IDN,1988,Indonesia,5.7805,41.11246022182244,55.98094685226568,,38.55947779662243,48.783288199720246,100.0,8.0454,1.9089,2.552982425200007
IDN,1989,Indonesia,7.4566,41.22411842291539,51.25594244276931,,41.11246022182244,55.98094685226568,,6.4155,1.8746,0.11165820109295055
IDN,1990,Indonesia,7.2421,43.39069188404676,42.69984180575064,99.27310488058151,41.22411842291539,51.25594244276931,,7.8192,1.8144,2.166573461131371
IDN,1991,Indonesia,6.912,41.851900978274,41.98350220961263,,43.39069188404676,42.69984180575064,99.27310488058151,9.4191,1.7701,-1.538790905772757
IDN,1992,Indonesia,6.4975,43.30226492287813,42.38782905323672,,41.851900978274,41.98350220961263,,7.5235,1.7332,1.4503639446041277
IDN,1993,Indonesia,6.4964,43.03133715864902,41.317367426157126,99.06542056074764,43.30226492287813,42.38782905323672,,9.6719,1.7016,-0.270927764229107
IDN,1994,Indonesia,7.54,43.08788041859895,39.23291905769696,,43.03133715864902,41.317367426157126,99.06542056074764,8.532,1.686,0.05654325994992604
IDN,1995,Indonesia,8.22,45.36765122833189,46.42545079423292,34.96423472648549,43.08788041859895,39.23291905769696,,9.4203,1.6628,2.2797708097329377
IDN,1996,Indonesia,7.8182,45.47671032716456,45.85875311920088,47.13693042583108,45.36765122833189,46.42545079423292,34.96423472648549,7.9733,1.6455,0.10905909883267384
IDN,1997,Indonesia,4.6999,44.35682983623488,45.51911250931596,33.93882229347765,45.47671032716456,45.85875311920088,47.13693042583108,6.2262,1.6263,-1.1198804909296811
IDN,1998,Indonesia,-13.1267,45.43030601127991,42.98959656302728,46.72471564262538,44.35682983623488,45.51911250931596,33.93882229347765,58.451,1.5807,1.0734761750450303
IDN,1999,Indonesia,0.7911,47.33242558081173,45.79933699248717,45.87749010714877,45.43030601127991,42.98959656302728,46.72471564262538,20.4778,1.5032,1.9021195695318198
IDN,2000,Indonesia,4.9201,45.24161133256381,41.10174432189035,38.095551169282345,47.33242558081173,45.79933699248717,45.87749010714877,3.6886,1.4324,-2.0908142482479235
IDN,2001,Indonesia,3.6435,45.40669915338992,42.66680309433681,37.45268845573437,45.24161133256381,41.10174432189035,38.095551169282345,11.5001,1.388,0.16508782082611617
IDN,2002,Indonesia,4.4995,45.77979305626402,43.15385912941466,43.83468986372818,45.40669915338992,42.66680309433681,37.45268845573437,11.9001,1.3557,0.3730939028740963
IDN,2003,Indonesia,4.7804,46.2816332868409,42.600221422815295,43.437210633177095,45.77979305626402,43.15385912941466,43.83468986372818,6.7573,1.3238,0.5018402305768817
IDN,2004,Indonesia,5.0309,48.21105296114485,44.22805026027985,42.86576140772998,46.2816332868409,42.600221422815295,43.437210633177095,6.0641,1.271,1.9294196743039507
IDN,2005,Indonesia,5.6926,47.828864505968994,48.09593883378662,42.37596344923966,48.21105296114485,44.22805026027985,42.86576140772998,10.4532,1.2838,-0.3821884551758572
IDN,2006,Indonesia,5.501,49.332938108195584,49.78436454603329,41.98405454159355,47.828864505968994,48.09593883378662,42.37596344923966,13.1087,1.3253,1.5040736022265904
IDN,2007,Indonesia,6.345,49.30161427176087,47.54714366980125,40.97594305300685,49.332938108195584,49.78436454603329,41.98405454159355,6.4066,1.3209,-0.0313238364347157
IDN,2008,Indonesia,6.0137,49.4605955789992,49.790368274382246,40.47699379227216,49.30161427176087,47.54714366980125,40.97594305300685,10.2267,1.2974,0.15898130723832793
IDN,2009,Indonesia,4.6289,51.33458229583454,49.42820958500491,34.96007849959418,49.4605955789992,49.790368274382246,40.47699379227216,4.3864,1.267,1.87398671683534
IDN,2010,Indonesia,6.2239,51.183276440503846,48.31996076799522,40.1668174071223,51.33458229583454,49.42820958500491,34.96007849959418,5.1342,1.2605,-0.15130585533069052
IDN,2011,Indonesia,6.1698,52.58392700753265,52.2325464009382,38.96163962196463,51.183276440503846,48.31996076799522,40.1668174071223,5.356,1.2767,1.400650567028805
IDN,2012,Indonesia,6.0301,54.633901566226754,50.04877436201417,38.39141184166594,52.58392700753265,52.2325464009382,38.96163962196463,4.2795,1.2858,2.049974558694103
IDN,2013,Indonesia,5.5573,52.38961173613588,51.271057897738224,32.69696677433581,54.633901566226754,50.04877436201417,38.39141184166594,6.4125,1.2404,-2.244289830090871
IDN,2014,Indonesia,5.0067,53.69718226498353,53.03398161551278,38.33646120423989,52.38961173613588,51.271057897738224,32.69696677433581,6.3949,1.1754,1.3075705288476485
IDN,2015,Indonesia,4.8763,55.28099280065294,53.46765587715478,38.08257108497439,53.69718226498353,53.03398161551278,38.33646120423989,6.3631,1.1223,1.5838105356694072
IDN,2016,Indonesia,5.0331,54.236504436844285,51.6252031749014,32.22344799624526,55.28099280065294,53.46765587715478,38.08257108497439,3.5258,1.0745,-1.0444883638086537
IDN,2017,Indonesia,5.0698,53.5771301942964,48.07304763303648,30.855195497525436,54.236504436844285,51.6252031749014,32.22344799624526,3.8088,1.0223,-0.6593742425478837
IDN,2018,Indonesia,5.1743,55.018769165549465,50.99193606931396,56.56872410719857,53.5771301942964,48.07304763303648,30.855195497525436,3.1983,0.9697,1.441638971253063
IDN,2019,Indonesia,5.0193,55.10729312388047,51.90041843261055,54.828033375639656,55.018769165549465,50.99193606931396,56.56872410719857,3.0306,0.9356,0.08852395833100246
IDN,2020,Indonesia,-2.0655,53.643279615454446,51.204060056684426,55.31310701784698,55.10729312388047,51.90041843261055,54.828033375639656,1.9198,0.8498,-1.4640135084260208
IDN,2021,Indonesia,3.7029,55.01821090120789,50.77567517841749,68.12045690550363,53.643279615454446,51.204060056684426,55.31310701784698,1.5601,0.7046,1.3749312857534406
IDN,2022,Indonesia,5.3072,58.940640224425046,52.650342219852384,69.9896157840083,55.01821090120789,50.77567517841749,68.12045690550363,4.2095,0.7461,3.922429323217159
IDN,2023,Indonesia,5.049,58.40308123905393,54.75723413168819,69.26272066458982,58.940640224425046,52.650342219852384,69.9896157840083,3.6694,0.8427,-0.5375589853711134
IDN,2024,Indonesia,5.0303,65.0041462489323,53.88263153694709,67.91277258566979,58.40308123905393,54.75723413168819,69.26272066458982,2.1815,0.8139,6.6010650098783685
KHM,1976,Cambodia,0.0,16.47757657644312,14.595060708713492,,15.407946582667993,20.367075946371635,,,-7.0234,
KHM,1977,Cambodia,-14.6764,15.06679456084046,12.574189781850224,,16.47757657644312,14.595060708713492,,,-7.9075,-1.4107820156026598
KHM,1978,Cambodia,0.0,16.988560903832173,14.313488749581644,,15.06679456084046,12.574189781850224,,,-8.4036,1.9217663429917131
KHM,1979,Cambodia,-12.8286,16.33051869595065,37.98992745033043,,16.988560903832173,14.313488749581644,,,-2.3853,-0.6580422078815218
KHM,1980,Cambodia,-5.6684,17.351925601889103,43.49639785894918,,16.33051869595065,37.98992745033043,,,2.159,1.021406905938452
KHM,1981,Cambodia,0.0411,17.910910625291805,45.77060797265811,,17.351925601889103,43.49639785894918,,,1.6143,0.5589850234027018
KHM,1982,Cambodia,0.0,18.35904238217228,47.81480836021726,,17.910910625291805,45.77060797265811,,,2.8346,0.4481317568804748
KHM,1983,Cambodia,4.4334,20.563234797593427,49.95837814211684,,18.35904238217228,47.81480836021726,,,3.6088,2.204192415421147
KHM,1984,Cambodia,4.9321,19.357208094560576,49.42377267224512,,20.563234797593427,49.95837814211684,,,3.6396,-1.206026703032851
KHM,1985,Cambodia,4.6702,19.26769062759441,49.76587504501856,,19.357208094560576,49.42377267224512,,,3.3424,-0.0895174669661678
KHM,1986,Cambodia,3.8008,19.478774470485007,50.74007272826759,,19.26769062759441,49.76587504501856,,,3.9246,0.21108384289059856
KHM,1987,Cambodia,21.5315,19.985138098334872,51.15689871057282,,19.478774470485007,50.74007272826759,,,4.2405,0.5063636278498649
KHM,1988,Cambodia,11.9769,20.520760440163716,48.80866968452692,,19.985138098334872,51.15689871057282,,,3.8007,0.5356223418288444
KHM,1989,Cambodia,3.4794,18.361731119762972,50.14203422663496,,20.520760440163716,48.80866968452692,,,3.7664,-2.1590293204007445
KHM,1990,Cambodia,1.1623,19.582104577959363,52.41802171272782,,18.361731119762972,50.14203422663496,,,4.1711,1.2203734581963914
KHM,1991,Cambodia,7.5913,18.122733446124005,48.80111891790012,,19.582104577959363,52.41802171272782,,,4.1449,-1.4593711318353577
KHM,1992,Cambodia,7.0175,17.551409892853545,50.73007313065524,,18.122733446124005,48.80111891790012,,,5.3967,-0.5713235532704601
KHM,1993,Cambodia,4.0984,17.987869612066618,50.3940043850515,,17.551409892853545,50.73007313065524,,,6.0187,0.43645971921307236
KHM,1994,Cambodia,-34.8086,18.77205611352335,53.10357965863751,,17.987869612066618,50.3940043850515,,,6.9786,0.784186501456734
KHM,1995,Cambodia,9.9035,23.659969319257705,48.478474858200336,0.0,18.77205611352335,53.10357965863751,,-0.7989,8.0982,4.887913205734353
KHM,1996,Cambodia,5.8975,23.001295794175626,47.94697334867828,0.0,23.659969319257705,48.478474858200336,0.0,7.1509,7.5231,-0.6586735250820794
KHM,1997,Cambodia,4.0066,22.009513489021565,44.40807864606053,0.0,23.001295794175626,47.94697334867828,0.0,7.9602,6.8837,-0.9917823051540609
KHM,1998,Cambodia,4.6816,23.72691764280541,38.256802412220765,0.0,22.009513489021565,44.40807864606053,0.0,14.8065,4.1242,1.7174041537838463
KHM,1999,Cambodia,12.7054,22.927377415439288,40.24749544078135,0.0,23.72691764280541,38.256802412220765,0.0,4.0082,1.7067,-0.7995402273661227
KHM,2000,Cambodia,9.9936,23.645198746690077,38.80143683027793,0.0,22.927377415439288,40.24749544078135,0.0,-0.792,1.5902,0.7178213312507893
KHM,2001,Cambodia,7.3897,23.380028651467217,39.751170760667705,0.0,23.645198746690077,38.80143683027793,0.0,-0.6006,1.5617,-0.26517009522286017
KHM,2002,Cambodia,6.2651,23.17697684835727,34.953484675210724,0.2627092374457532,23.380028651467217,39.751170760667705,0.0,0.2115,1.5424,-0.20305180310994686
KHM,2003,Cambodia,10.2837,23.75078944046519,37.67993005616507,0.0,23.17697684835727,34.953484675210724,0.2627092374457532,0.9417,1.5111,0.5738125921079202
KHM,2004,Cambodia,9.4577,23.294993377483,38.640386629721554,0.0,23.75078944046519,37.67993005616507,0.0,4.3193,1.4738,-0.45579606298219133
KHM,2005,Cambodia,13.3033,23.39729549944412,36.65737863733925,0.0,23.294993377483,38.640386629721554,0.0,6.6153,1.4576,0.10230212196112021
KHM,2006,Cambodia,10.9434,26.198033640125743,37.21508044503808,0.0,23.39729549944412,36.65737863733925,0.0,5.8107,1.4759,2.8007381406816236
KHM,2007,Cambodia,10.3985,26.53642384644048,36.83987100101075,0.0,26.198033640125743,37.21508044503808,0.0,8.7088,1.4755,0.33839020631473815
KHM,2008,Cambodia,7.4764,25.727221254713875,36.874567315642416,0.0,26.53642384644048,36.83987100101075,0.0,24.0969,1.5179,-0.8092025917266064
KHM,2009,Cambodia,4.0748,25.96063701953791,39.33667912380859,0.0,25.727221254713875,36.874567315642416,0.0,-1.2417,1.5767,0.23341576482403426
KHM,2010,Cambodia,5.0769,27.322899524852755,38.70942860418038,0.0,25.96063701953791,39.33667912380859,0.0,3.9964,1.5562,1.3622625053148454
KHM,2011,Cambodia,7.2867,27.598682662667624,39.40973862350052,0.0,27.322899524852755,38.70942860418038,0.0,5.4784,1.5184,0.2757831378148694
KHM,2012,Cambodia,7.6503,28.01349553294828,40.40397671879324,0.0,27.598682662667624,39.40973862350052,0.0,2.9343,1.5,0.41481287028065594
KHM,2013,Cambodia,7.8575,29.674087153186743,41.01942307864851,0.0,28.01349553294828,40.40397671879324,0.0,2.9416,1.4951,1.6605916202384634
KHM,2014,Cambodia,8.0003,30.06616713538886,41.17368980458131,0.0,29.674087153186743,41.01942307864851,0.0,3.8557,1.4824,0.39207998220211593
KHM,2015,Cambodia,7.207,30.281419866954657,42.90953750048556,0.7927774333539988,30.06616713538886,41.17368980458131,0.0,1.2239,1.4602,0.21525273156579772
KHM,2016,Cambodia,7.9055,31.033965543596725,41.9179155561736,0.0,30.281419866954657,42.90953750048556,0.7927774333539988,3.0191,1.4586,0.7525456766420682
KHM,2017,Cambodia,8.075,31.606638675903916,41.95176512511426,0.0,31.033965543596725,41.9179155561736,0.0,2.9126,1.3818,0.572673132307191
KHM,2018,Cambodia,8.7762,30.39180715788619,39.573342802505366,0.0,31.606638675903916,41.95176512511426,0.0,2.4591,1.2437,-1.214831518017725
KHM,2019,Cambodia,7.937,32.04132630853863,45.412519982995136,0.0,30.39180715788619,39.573342802505366,0.0,1.9426,1.2626,1.6495191506524378
KHM,2020,Cambodia,-3.5557,34.44082824378499,42.95330833849496,0.0,32.04132630853863,45.412519982995136,0.0,2.9403,1.4706,2.399501935246363
KHM,2021,Cambodia,3.0898,36.23948124325105,46.05310591917389,,34.44082824378499,42.95330833849496,0.0,2.9207,1.4768,1.7986529994660572
KHM,2022,Cambodia,5.1299,31.500572948662324,46.41411331511635,,36.23948124325105,46.05310591917389,,5.3437,1.3309,-4.738908294588725
KHM,2023,Cambodia,5.0073,30.481103810718693,48.804042956499785,,31.500572948662324,46.41411331511635,,2.1275,1.2832,-1.0194691379436307
KHM,2024,Cambodia,5.9751,23.38648351247749,46.5598272993339,,30.481103810718693,48.804042956499785,,0.808,1.2259,-7.094620298241203
LAO,1985,Lao PDR,5.07,19.66719124605124,47.98642783278277,,18.988575675924277,47.74879661695393,,,2.7691,
LAO,1986,Lao PDR,4.8851,20.95186259420245,48.12803835958313,,19.66719124605124,47.98642783278277,,,2.8138,1.2846713481512104
LAO,1987,Lao PDR,-1.4258,18.585638869742898,48.27326254488167,,20.95186259420245,48.12803835958313,,,2.8421,-2.3662237244595516
LAO,1988,Lao PDR,-2.0102,19.281612781508127,44.81748938197501,,18.585638869742898,48.27326254488167,,,2.8641,0.695973911765229
LAO,1989,Lao PDR,14.1906,20.31127443610744,48.51026664814479,,19.281612781508127,44.81748938197501,,61.3326,2.8651,1.0296616545993125
LAO,1990,Lao PDR,6.7046,24.287029706102867,45.059681426211,,20.31127443610744,48.51026664814479,,35.643,2.8458,3.975755269995428
LAO,1991,Lao PDR,4.2966,21.89388404304936,41.77518468450687,,24.287029706102867,45.059681426211,,13.4416,2.8163,-2.393145663053506
LAO,1992,Lao PDR,5.5599,22.829208192409897,41.01888698235549,92.31568016614744,21.89388404304936,41.77518468450687,,9.8645,2.7691,0.935324149360536
LAO,1993,Lao PDR,5.9126,22.10692607546773,39.97960400240631,,22.829208192409897,41.01888698235549,92.31568016614744,6.2672,2.7134,-0.7222821169421678
LAO,1994,Lao PDR,8.159,22.78818819073264,40.09191301661232,,22.10692607546773,39.97960400240631,,6.7845,2.6156,0.6812621152649108
LAO,1995,Lao PDR,7.0313,22.936754549205,33.34385553320912,40.23824727285769,22.78818819073264,40.09191301661232,,19.5939,2.4684,0.14856635847235822
LAO,1996,Lao PDR,6.9283,23.44654669571568,35.20134928531635,39.66089230330754,22.936754549205,33.34385553320912,40.23824727285769,13.0244,2.3313,0.50979214651068
LAO,1997,Lao PDR,6.8721,23.201979113884477,35.45053031205129,50.57662218613994,23.44654669571568,35.20134928531635,39.66089230330754,27.5089,2.0855,-0.24456758183120186
LAO,1998,Lao PDR,3.9676,22.868352475792516,35.25178337345564,38.71597576443505,23.201979113884477,35.45053031205129,50.57662218613994,90.9807,1.8511,-0.33362663809196036
LAO,1999,Lao PDR,7.3064,24.413587148178674,35.492331857939625,38.30654381814687,22.868352475792516,35.25178337345564,38.71597576443505,125.2721,1.7475,1.545234672386158
LAO,2000,Lao PDR,5.7988,23.30981390851944,31.960570324113583,37.92088011748254,24.413587148178674,35.492331857939625,38.30654381814687,25.0846,1.679,-1.1037732396592332
LAO,2001,Lao PDR,5.7514,24.091400866099345,30.891690624359317,37.55567329695266,23.30981390851944,31.960570324113583,37.92088011748254,7.8118,1.6484,0.7815869575799042
LAO,2002,Lao PDR,5.9187,24.233945948926696,33.63311487335219,40.64225255117116,24.091400866099345,30.891690624359317,37.55567329695266,10.6313,1.6063,0.14254508282735046
LAO,2003,Lao PDR,6.067,22.71008375192112,32.405974609792864,36.89133979388118,24.233945948926696,33.63311487335219,40.64225255117116,15.4894,1.5396,-1.5238621970055775
LAO,2004,Lao PDR,6.3577,23.056355774117147,33.0531266865802,36.46871898650138,22.71008375192112,32.405974609792864,36.89133979388118,10.4623,1.4579,0.34627202219602893
LAO,2005,Lao PDR,7.1076,25.612499754266228,37.13892198735187,36.07185176015424,23.056355774117147,33.0531266865802,36.46871898650138,7.1654,1.5088,2.5561439801490806
LAO,2006,Lao PDR,8.6193,25.664405239825392,36.73544385003772,35.63320447352075,25.612499754266228,37.13892198735187,36.07185176015424,6.5456,1.5834,0.05190548555916408
LAO,2007,Lao PDR,7.5968,25.631504224889067,38.32775494021096,46.21881519230479,25.664405239825392,36.73544385003772,35.63320447352075,4.662,1.5481,-0.03290101493632491
LAO,2008,Lao PDR,7.8249,26.560687928173294,36.79112392155752,34.658729725453014,25.631504224889067,38.32775494021096,46.21881519230479,7.6288,1.5196,0.9291837032842274
LAO,2009,Lao PDR,7.5018,26.31158008106811,35.96779112198166,34.15173503451057,26.560687928173294,36.79112392155752,34.658729725453014,0.1412,1.4959,-0.24910784710518286
LAO,2010,Lao PDR,8.5269,26.763341836470477,35.06557151997682,33.410473970916485,26.31158008106811,35.96779112198166,34.15173503451057,5.9825,1.4719,0.45176175540236585
LAO,2011,Lao PDR,8.0387,27.475583913816603,37.13402871565293,32.65404031418426,26.763341836470477,35.06557151997682,33.410473970916485,7.569,1.4481,0.7122420773461258
LAO,2012,Lao PDR,8.0261,28.17218604179458,39.12875233710045,42.00910041973233,27.475583913816603,37.13402871565293,32.65404031418426,4.2551,1.4274,0.6966021279779753
LAO,2013,Lao PDR,8.0263,28.3136071116213,38.356481549808514,30.969123464349536,28.17218604179458,39.12875233710045,42.00910041973233,6.3714,1.4076,0.1414210698267233
LAO,2014,Lao PDR,7.612,28.05440921020741,38.2890473234074,29.736960536298284,28.3136071116213,38.356481549808514,30.969123464349536,4.1292,1.3788,-0.25919790141389143
LAO,2015,Lao PDR,7.2701,30.739147250580864,39.8860722535224,28.45979574005081,28.05440921020741,38.2890473234074,29.736960536298284,1.2774,1.4584,2.6847380403734533
LAO,2016,Lao PDR,7.0228,32.9811272532935,39.134531086404245,26.752360741646324,30.739147250580864,39.8860722535224,28.45979574005081,1.5969,1.5632,2.241980002712637
LAO,2017,Lao PDR,6.8925,33.6132635708018,37.34733192721784,25.419135784230228,32.9811272532935,39.134531086404245,26.752360741646324,0.8255,1.5703,0.6321363175082979
LAO,2018,Lao PDR,6.248,33.123277674349005,39.595477750125006,34.211395418756815,33.6132635708018,37.34733192721784,25.419135784230228,2.0404,1.5538,-0.48998589645279367
LAO,2019,Lao PDR,5.4577,33.38981575628525,41.23432726500262,22.699301498901736,33.123277674349005,39.595477750125006,34.211395418756815,3.3226,1.5258,0.26653808193624684
LAO,2020,Lao PDR,0.503,33.80064614629753,38.46217476865545,21.53798081084856,33.38981575628525,41.23432726500262,22.699301498901736,5.1041,1.4934,0.41083039001227917
LAO,2021,Lao PDR,2.5284,34.54608840002445,44.69181705418041,,33.80064614629753,38.46217476865545,21.53798081084856,3.7556,1.4414,0.745442253726921
LAO,2022,Lao PDR,2.7074,32.00281321012794,46.12730996194364,,34.54608840002445,44.69181705418041,,22.9562,1.4097,-2.5432751898965122
LAO,2023,Lao PDR,3.7457,31.087405054960232,46.38895591551611,,32.00281321012794,46.12730996194364,,31.2301,1.3924,-0.9154081551677073
LAO,2024,Lao PDR,4.1302,27.05489654592583,47.66322251171986,,31.087405054960232,46.38895591551611,,23.1306,1.3583,-4.032508509034404
MMR,1961,Myanmar,0.4716,29.815393355037106,42.83596071535745,,20.02240516606955,33.86668569784589,,-0.1464,2.1863,
MMR,1962,Myanmar,4.0869,23.809606860401576,43.09921087658135,,29.815393355037106,42.83596071535745,,-1.6129,2.2004,-6.0057864946355295
MMR,1963,Myanmar,13.3493,28.07819837186762,43.35187533397393,,23.809606860401576,43.09921087658135,,-2.6826,2.2157,4.268591511466045
MMR,1964,Myanmar,-5.894,24.39062776009239,43.622638001398606,,28.07819837186762,43.35187533397393,,-0.4594,2.2318,-3.6875706117752323
MMR,1965,Myanmar,10.6926,29.2203793597982,43.95733069797918,,24.39062776009239,43.622638001398606,,17.6923,2.2581,4.829751599705812
MMR,1966,Myanmar,-4.8518,23.59310389780708,44.08217908139759,,29.2203793597982,43.95733069797918,,25.4902,2.2685,-5.627275461991122
MMR,1967,Myanmar,-5.9253,24.51919827263391,44.27942349509076,,23.59310389780708,44.08217908139759,,0.8333,2.2688,0.9260943748268318
MMR,1968,Myanmar,12.0593,30.194073014760196,47.58493699197105,,24.51919827263391,44.27942349509076,,2.376,2.2697,5.674874742126285
MMR,1969,Myanmar,3.2917,25.995892618939106,47.75415146448002,,30.194073014760196,47.58493699197105,,-4.3391,2.2653,-4.19818039582109
MMR,1970,Myanmar,4.9793,25.456345820992578,43.84945656604934,,25.995892618939106,47.75415146448002,,-4.0084,2.2609,-0.539546797946528
MMR,1971,Myanmar,4.13,25.77504258781888,43.74716412545314,,25.456345820992578,43.84945656604934,,2.0879,2.2335,0.318696766826303
MMR,1972,Myanmar,2.4358,24.561383851671305,43.61081223493633,,25.77504258781888,43.74716412545314,,7.6426,2.209,-1.2136587361475755
MMR,1973,Myanmar,-0.9681,23.74749329745178,43.64175936426528,,24.561383851671305,43.61081223493633,,25.2,2.0819,-0.813890554219526
MMR,1974,Myanmar,5.3424,24.697369542124537,43.32927821863976,,23.74749329745178,43.64175936426528,,25.2117,1.9507,0.9498762446727582
MMR,1975,Myanmar,4.1527,23.985825921027587,46.88026102541766,,24.697369542124537,43.32927821863976,,31.6557,1.9353,-0.7115436210969506
MMR,1976,Myanmar,6.0804,24.803574773114654,46.79098560107548,,23.985825921027587,46.88026102541766,,22.3844,1.9111,0.8177488520870675
MMR,1977,Myanmar,5.9523,23.96680764519358,47.10142059483238,,24.803574773114654,46.79098560107548,,-1.1567,1.9228,-0.8367671279210747
MMR,1978,Myanmar,6.5178,24.185604368628333,47.15321088309787,,23.96680764519358,47.10142059483238,,-6.0447,1.9486,0.2187967234347532
MMR,1979,Myanmar,5.2013,21.00136249010668,47.083453613111104,,24.185604368628333,47.15321088309787,,5.6723,1.9315,-3.1842418785216537
MMR,1980,Myanmar,7.9385,21.817592682934645,43.20454879946802,,21.00136249010668,47.083453613111104,,0.6082,1.9162,0.816230192827966
MMR,1981,Myanmar,6.3558,23.05477061626544,43.00386325984286,,21.817592682934645,43.20454879946802,,0.3184,1.8829,1.2371779333307948
MMR,1982,Myanmar,5.6039,23.19604955648317,46.66632576916231,,23.05477061626544,43.00386325984286,,5.3047,1.8267,0.14127894021773102
MMR,1983,Myanmar,4.3911,24.65992325911355,48.12273276309,,23.19604955648317,46.66632576916231,,5.6501,1.9521,1.46387370263038
MMR,1984,Myanmar,4.9327,23.712890699630595,48.10413100254256,,24.65992325911355,48.12273276309,,4.8463,2.0732,-0.9470325594829561
MMR,1985,Myanmar,2.851,24.182602064930887,47.69442664579277,,23.712890699630595,48.10413100254256,,6.8076,1.9954,0.46971136530029156
MMR,1986,Myanmar,-1.0573,24.69852039043139,47.07113028008892,,24.182602064930887,47.69442664579277,,9.3255,1.872,0.515918325500504
MMR,1987,Myanmar,-4.0056,27.39624149888984,46.59213192625451,,24.69852039043139,47.07113028008892,,24.76,1.7446,2.697721108458449
MMR,1988,Myanmar,-11.3524,27.940248101056486,46.22662491912685,,27.39624149888984,46.59213192625451,,16.0428,1.6438,0.5440066021666468
MMR,1989,Myanmar,3.6953,28.243826340698764,46.01927376775702,,27.940248101056486,46.22662491912685,,27.1985,1.5773,0.3035782396422775
MMR,1990,Myanmar,2.8169,28.758288005322804,41.10849806602802,,28.243826340698764,46.01927376775702,,17.6268,1.5251,0.5144616646240401
MMR,1991,Myanmar,-0.6506,27.63839956075021,41.5198026689086,,28.758288005322804,41.10849806602802,,32.272,1.4385,-1.1198884445725952
MMR,1992,Myanmar,9.6609,28.089054035024784,40.85829909813991,,27.63839956075021,41.5198026689086,,21.9132,1.3675,0.4506544742745753
MMR,1993,Myanmar,6.0394,28.151598445048744,40.83358464841743,,28.089054035024784,40.85829909813991,,31.8316,1.3392,0.0625444100239605
MMR,1994,Myanmar,7.478,29.215392678976603,40.89913090094159,,28.151598445048744,40.83358464841743,,24.0988,1.323,1.063794233927858
MMR,1995,Myanmar,6.9481,28.58905729025196,40.84610225380263,,29.215392678976603,40.89913090094159,,25.1947,1.2998,-0.626335388724641
MMR,1996,Myanmar,6.4427,28.750765890927863,40.95650022055876,,28.58905729025196,40.84610225380263,,16.2754,1.2815,0.16170860067590098
MMR,1997,Myanmar,5.6516,28.35481664599427,41.27186040278536,1.7010229386236826,28.750765890927863,40.95650022055876,,29.6972,1.2754,-0.3959492449335933
MMR,1998,Myanmar,5.8662,27.950989616608943,41.11090305492567,0.7090824550526968,28.35481664599427,41.27186040278536,1.7010229386236826,51.4875,1.2482,-0.4038270293853259
MMR,1999,Myanmar,10.9451,29.446371216383085,41.46899140407516,1.0926844389336638,27.950989616608943,41.11090305492567,0.7090824550526968,18.401,1.1903,1.4953815997741415
MMR,2000,Myanmar,13.7459,31.18482863354046,40.63706230078084,3.766274023558587,29.446371216383085,41.46899140407516,1.0926844389336638,-0.1092,1.1171,1.738457417157374
MMR,2001,Myanmar,11.344,29.300957087246825,41.45346593656254,2.150495970241786,31.18482863354046,40.63706230078084,3.766274023558587,21.1013,1.0549,-1.8838715462936335
MMR,2002,Myanmar,12.0255,29.64326946695503,39.61473876929797,5.668784872907627,29.300957087246825,41.45346593656254,2.150495970241786,57.0745,1.0033,0.34231237970820416
MMR,2003,Myanmar,13.844,29.189449063179246,39.81069551049237,,29.64326946695503,39.61473876929797,5.668784872907627,36.5897,0.9355,-0.4538204037757829
MMR,2004,Myanmar,13.5647,29.597062389325224,40.05370859845681,,29.189449063179246,39.81069551049237,,4.5342,0.8568,0.40761332614597734
MMR,2005,Myanmar,13.569,29.69949793402399,40.19913919442914,,29.597062389325224,40.05370859845681,,9.3686,0.7822,0.1024355446987677
MMR,2006,Myanmar,13.0761,29.96744519567595,41.5164058954714,,29.69949793402399,40.19913919442914,,19.9965,0.7283,0.26794726165195826
MMR,2007,Myanmar,11.9914,30.24397786539012,41.94818758248647,,29.96744519567595,41.5164058954714,,35.0246,0.7088,0.2765326697141717
MMR,2008,Myanmar,10.2553,29.487965571240476,41.531689083208526,,30.24397786539012,41.94818758248647,,26.7995,0.5507,-0.7560122941496452
MMR,2009,Myanmar,10.55,30.46313370831733,42.70520138067585,,29.487965571240476,41.531689083208526,,1.4723,0.5557,0.975168137076853
MMR,2010,Myanmar,9.6344,30.558478233597143,43.41418525647092,,30.46313370831733,42.70520138067585,,7.7184,0.7451,0.0953445252798133
MMR,2011,Myanmar,5.5915,29.57903931841676,40.47586461441677,,30.558478233597143,43.41418525647092,,5.0215,0.8034,-0.9794389151803813
MMR,2012,Myanmar,7.3327,29.99677833120732,43.17745178509909,,29.57903931841676,40.47586461441677,,1.4676,0.8415,0.4177390127905589
MMR,2013,Myanmar,8.426,30.43840853570421,43.46779554919517,,29.99677833120732,43.17745178509909,,5.643,0.8496,0.4416302044968887
MMR,2014,Myanmar,8.1699,31.00058766642124,45.58084107574392,,30.43840853570421,43.46779554919517,,4.9533,0.8301,0.5621791307170305
MMR,2015,Myanmar,6.9928,31.06477997675827,46.25355654849346,82.6583592938733,31.00058766642124,45.58084107574392,,9.4542,0.8007,0.06419231033703099
MMR,2016,Myanmar,5.8625,32.404008448637086,44.22252378280555,,31.06477997675827,46.25355654849346,82.6583592938733,6.9288,0.7928,1.3392284718788154
MMR,2017,Myanmar,6.1361,33.612013778598325,41.3572044509919,40.24310404044501,32.404008448637086,44.22252378280555,,4.5725,0.7723,1.2080053299612388
MMR,2018,Myanmar,6.2689,32.16698852269704,42.87673619835703,1.6622752634841906,33.612013778598325,41.3572044509919,40.24310404044501,6.8723,0.7244,-1.4450252559012853
MMR,2019,Myanmar,6.5791,31.73702052374052,44.185718648405626,2.6154680719156853,32.16698852269704,42.87673619835703,1.6622752634841906,8.8251,0.7024,-0.4299679989565206
MMR,2020,Myanmar,-9.0483,32.30209041719672,42.672025762467385,5.41692498450093,31.73702052374052,44.185718648405626,2.6154680719156853,,0.7114,0.5650698934562044
MMR,2021,Myanmar,-12.0164,32.54492377851959,41.41246366145868,4.188623682579045,32.30209041719672,42.672025762467385,5.41692498450093,,0.6966,0.24283336132286593
MMR,2022,Myanmar,4.0375,29.73335864685148,42.21721919227042,0.7478301301921885,32.54492377851959,41.41246366145868,4.188623682579045,,0.6901,-2.8115651316681074
MMR,2023,Myanmar,0.9584,28.42638919531063,42.731006025832464,0.3061066336019839,29.73335864685148,42.21721919227042,0.7478301301921885,,0.6989,-1.3069694515408514
MMR,2024,Myanmar,-0.972,23.1844492570562,39.81174969230238,,28.42638919531063,42.731006025832464,0.3061066336019839,,0.6744,-5.241939938254429
MYS,1961,Malaysia,7.598,21.6961162992104,50.51458710843206,,22.729789136436548,51.5866454138728,,-0.1804,2.5837,
MYS,1962,Malaysia,6.421,23.23465112643629,50.70426677210212,,21.6961162992104,50.51458710843206,,0.1084,2.608,1.5385348272258916
MYS,1963,Malaysia,7.3388,20.502724270477348,50.80195290797316,,23.23465112643629,50.70426677210212,,3.1053,2.6145,-2.7319268559589425
MYS,1964,Malaysia,5.359,20.527183059894995,50.73761732099126,,20.502724270477348,50.80195290797316,,-0.4027,2.5961,0.024458789417646898
MYS,1965,Malaysia,7.6849,21.12817145290927,50.54081830829224,,20.527183059894995,50.73761732099126,,-0.1055,2.5498,0.6009883930142763
MYS,1966,Malaysia,7.8167,22.3304912164426,50.26670075629597,,21.12817145290927,50.54081830829224,,0.968,2.4894,1.2023197635333283
MYS,1967,Malaysia,3.8571,20.929049482985945,49.75488220516053,,22.3304912164426,50.26670075629597,,4.5756,2.3672,-1.4014417334566538
MYS,1968,Malaysia,7.978,19.65561214263038,49.51626112566693,,20.929049482985945,49.75488220516053,,-0.1583,2.269,-1.2734373403555672
MYS,1969,Malaysia,4.8885,20.75772093021853,49.40542787711736,,19.65561214263038,49.51626112566693,,-0.409,2.2602,1.1021087875881506
MYS,1970,Malaysia,5.9865,22.19632401309383,52.04335165327645,,20.75772093021853,49.40542787711736,,1.8439,2.2976,1.4386030828753
MYS,1971,Malaysia,10.0347,20.66424001515452,49.651877649945945,,22.19632401309383,52.04335165327645,,1.613,2.3751,-1.53208399793931
MYS,1972,Malaysia,9.3884,18.107336120205744,49.70676254870197,,20.66424001515452,49.651877649945945,,3.2316,2.4018,-2.556903894948775
MYS,1973,Malaysia,11.7011,18.749432497099555,49.76926467295824,,18.107336120205744,49.70676254870197,,10.5602,2.3949,0.6420963768938108
MYS,1974,Malaysia,8.3187,19.312823832745757,51.10516009333556,,18.749432497099555,49.76926467295824,,17.329,2.3969,0.5633913356462017
MYS,1975,Malaysia,0.8011,19.60212499679556,52.04508559481644,,19.312823832745757,51.10516009333556,,4.4877,2.3907,0.2893011640498031
MYS,1976,Malaysia,11.5635,19.009621383014,49.87449539712998,,19.60212499679556,52.04508559481644,,2.6337,2.396,-0.5925036137815596
MYS,1977,Malaysia,7.7531,19.69435218292872,49.86660866963702,,19.009621383014,49.87449539712998,,4.7882,2.4017,0.6847307999147212
MYS,1978,Malaysia,6.6539,19.899215212335136,49.85662125634058,,19.69435218292872,49.86660866963702,,4.8601,2.4008,0.20486302940641465
MYS,1979,Malaysia,9.3491,20.02646393384518,49.8770871350519,,19.899215212335136,49.85662125634058,,3.6545,2.402,0.12724872151004263
MYS,1980,Malaysia,7.4418,21.7780008648566,50.69629219914523,,20.02646393384518,49.8770871350519,,6.6749,2.7763,1.7515369310114224
MYS,1981,Malaysia,6.9421,22.24839575666693,53.01454234489604,,21.7780008648566,50.69629219914523,,9.7,3.1526,0.47039489181032934
MYS,1982,Malaysia,5.9432,21.0863382314428,53.99630432858768,,22.24839575666693,53.01454234489604,,5.8189,3.1847,-1.1620575252241316
MYS,1983,Malaysia,6.2522,21.79529634489865,54.51279562355249,,21.0863382314428,53.99630432858768,,3.7042,3.2231,0.70895811345585
MYS,1984,Malaysia,7.7618,23.75673772193161,57.96411209425028,40.80996884735203,21.79529634489865,54.51279562355249,,3.8973,3.258,1.961441377032962
MYS,1985,Malaysia,-1.0253,22.984963052706007,54.01229645114896,,23.75673772193161,57.96411209425028,40.80996884735203,0.3465,3.2874,-0.7717746692256036
MYS,1986,Malaysia,1.2406,20.657624255261418,52.69272072465219,,22.984963052706007,54.01229645114896,,0.737,3.2774,-2.3273387974445896
MYS,1987,Malaysia,5.1919,22.21348726375016,56.87321637666785,41.53686396677051,20.657624255261418,52.69272072465219,,0.29,3.2235,1.5558630084887426
MYS,1988,Malaysia,9.9377,23.795786766945103,54.00345938770411,,22.21348726375016,56.87321637666785,41.53686396677051,2.5565,3.144,1.5822995031949425
MYS,1989,Malaysia,9.0596,22.909194371020583,56.110287791485504,41.53686396677051,23.795786766945103,54.00345938770411,,2.8132,3.0396,-0.8865923959245201
MYS,1990,Malaysia,9.0085,27.99074438037657,44.021964486218906,,22.909194371020583,56.110287791485504,41.53686396677051,2.6178,2.9487,5.081550009355986
MYS,1991,Malaysia,9.5455,27.72798892745648,49.25635518591458,,27.99074438037657,44.021964486218906,,4.3583,2.8159,-0.2627554529200893
MYS,1992,Malaysia,8.8851,27.09914018939364,50.41856083790256,38.21391484942888,27.72798892745648,49.25635518591458,,4.7672,2.6475,-0.6288487380628389
MYS,1993,Malaysia,9.8949,27.594741808266523,48.37001786121957,,27.09914018939364,50.41856083790256,38.21391484942888,3.5366,2.5585,0.49560161887288245
MYS,1994,Malaysia,9.212,28.32662196056249,48.63545412203382,,27.594741808266523,48.37001786121957,,3.725,2.5435,0.7318801522959681
MYS,1995,Malaysia,9.8291,29.602436994694315,50.35502659200434,8.125215818352402,28.32662196056249,48.63545412203382,,3.4506,2.5413,1.2758150341318242
MYS,1996,Malaysia,10.0027,28.973657957600714,49.3321514744304,2.1222921524406098,29.602436994694315,50.35502659200434,8.125215818352402,3.4886,2.5231,-0.6287790370936008
MYS,1997,Malaysia,7.3227,28.51294597056597,51.77603126035314,6.04937361699298,28.973657957600714,49.3321514744304,2.1222921524406098,2.6625,2.4874,-0.46071198703474536
MYS,1998,Malaysia,-7.3594,29.66388198580756,49.26118256517666,3.277489763309333,28.51294597056597,51.77603126035314,6.04937361699298,5.2703,2.4561,1.1509360152415908
MYS,1999,Malaysia,6.1376,31.25113739652644,49.62403321771138,0.2880861226965931,29.66388198580756,49.26118256517666,3.277489763309333,2.7446,2.3853,1.5872554107188783
MYS,2000,Malaysia,8.8589,32.8918024935782,55.641471805258064,3.695327750143355,31.25113739652644,49.62403321771138,0.2880861226965931,1.5347,2.3448,1.640665097051759
MYS,2001,Malaysia,0.5177,32.00243763643535,52.717980344963,0.228545068257995,32.8918024935782,55.641471805258064,3.695327750143355,1.4168,2.4035,-0.8893648571428443
MYS,2002,Malaysia,5.391,32.085677539886994,53.398056914010816,5.115012678970242,32.00243763643535,52.717980344963,0.228545068257995,1.8079,2.4186,0.08323990345164134
MYS,2003,Malaysia,5.7885,32.888659796002464,54.79355946890665,5.891858969964697,32.085677539886994,53.398056914010816,5.115012678970242,1.0897,2.3662,0.8029822561154702
MYS,2004,Malaysia,6.7834,33.414171175663306,52.546850002565705,4.705267862589581,32.888659796002464,54.79355946890665,5.891858969964697,1.4213,2.3117,0.5255113796608413
MYS,2005,Malaysia,5.3321,33.91456602372197,51.044260048440776,0.2231732975752062,33.414171175663306,52.546850002565705,4.705267862589581,2.9751,2.2677,0.5003948480586615
MYS,2006,Malaysia,5.5848,34.02545132716327,52.628330925912,7.764698466271877,33.91456602372197,51.044260048440776,0.2231732975752062,3.6092,2.2271,0.11088530344130021
MYS,2007,Malaysia,6.2988,34.91164945583113,50.79650774411426,0.220892134682515,34.02545132716327,52.628330925912,7.764698466271877,2.0274,2.1735,0.8861981286678642
MYS,2008,Malaysia,4.8318,35.99921115819785,52.26439205918359,8.822380267236632,34.91164945583113,50.79650774411426,0.220892134682515,5.4408,2.0953,1.0875617023667203
MYS,2009,Malaysia,-1.5135,35.90475277625863,50.99508593505127,7.878878154825019,35.99921115819785,52.26439205918359,8.822380267236632,0.5833,1.9921,-0.0944583819392193
MYS,2010,Malaysia,7.4248,35.816246151099286,52.6282813779092,8.08049346313524,35.90475277625863,50.99508593505127,7.878878154825019,1.6229,1.8704,-0.08850662515934715
MYS,2011,Malaysia,5.2939,36.28201707187223,53.33794324050147,8.757997613901209,35.816246151099286,52.6282813779092,8.08049346313524,3.1745,1.7513,0.4657709207729468
MYS,2012,Malaysia,5.4735,36.70673570890568,51.678515976815625,8.517880902598247,36.28201707187223,53.33794324050147,8.757997613901209,1.6636,1.7027,0.42471863703345036
MYS,2013,Malaysia,4.6937,36.502377264315264,53.80491962328124,1.1521055814616272,36.70673570890568,51.678515976815625,8.517880902598247,2.105,1.7095,-0.20435844459041874
MYS,2014,Malaysia,6.0067,37.05819473768109,52.070293021757,9.813551081679632,36.502377264315264,53.80491962328124,1.1521055814616272,3.143,1.7147,0.5558174733658277
MYS,2015,Malaysia,5.0915,36.47853587122391,54.858391989897534,8.766399253648974,37.05819473768109,52.070293021757,9.813551081679632,2.1044,1.7332,-0.57965886645718
MYS,2016,Malaysia,4.4498,36.51509938630254,53.5036835291256,10.988129068591574,36.47853587122391,54.858391989897534,8.766399253648974,2.0906,1.7673,0.036563515078626097
MYS,2017,Malaysia,5.8127,36.11353771243851,53.21693693970952,0.17722988376556,36.51509938630254,53.5036835291256,10.988129068591574,3.8712,1.7647,-0.4015616738640304
MYS,2018,Malaysia,4.8431,36.39534524319745,55.38783050017504,6.9453918318397685,36.11353771243851,53.21693693970952,0.17722988376556,0.8847,1.7017,0.2818075307589396
MYS,2019,Malaysia,4.4132,35.829441450262514,54.60285827278565,0.1355879137414455,36.39534524319745,55.38783050017504,6.9453918318397685,0.6629,1.5965,-0.5659037929349324
MYS,2020,Malaysia,-5.4568,35.908384165636896,50.292716120790416,7.344168575453293,35.829441450262514,54.60285827278565,0.1355879137414455,-1.1387,1.3336,0.07894271537438158
MYS,2021,Malaysia,3.3153,34.810780315427124,56.13399003496694,0.0,35.908384165636896,50.292716120790416,7.344168575453293,2.4771,1.1525,-1.0976038502097722
MYS,2022,Malaysia,9.0317,34.37195305174111,57.447337103923616,,34.810780315427124,56.13399003496694,0.0,3.3787,1.1978,-0.4388272636860151
MYS,2023,Malaysia,3.5371,31.86326081042127,53.22185255724829,,34.37195305174111,57.447337103923616,,2.4889,1.234,-2.5086922413198387
MYS,2024,Malaysia,5.1055,29.781020143928032,47.66959417904814,,31.86326081042127,53.22185255724829,,1.8341,1.2206,-2.082240666493238
PHL,1961,Philippines,5.6955,23.509561462383164,51.65822629584789,,21.20299620128591,43.54425656229966,,1.5956,3.1783,
PHL,1962,Philippines,4.8463,24.669614717120822,51.68140677503455,,23.509561462383164,51.65822629584789,,5.7967,3.182,1.160053254737658
PHL,1963,Philippines,7.0163,22.717187821669285,51.67132304541981,,24.669614717120822,51.68140677503455,,5.6255,3.15,-1.9524268954515378
PHL,1964,Philippines,3.4025,24.302359148320832,51.58567007788252,,22.717187821669285,51.67132304541981,,8.1831,3.1079,1.5851713266515475
PHL,1965,Philippines,5.3451,23.019736789951008,51.490900030083495,,24.302359148320832,51.58567007788252,,2.5641,3.0571,-1.2826223583698244
PHL,1966,Philippines,4.4412,23.88377995592629,51.269511573045165,,23.019736789951008,51.490900030083495,,5.4,2.9948,0.8640431659752821
PHL,1967,Philippines,5.2227,23.136629551238457,51.21471513340799,,23.88377995592629,51.269511573045165,,6.254,2.9433,-0.747150404687833
PHL,1968,Philippines,5.0382,21.4398528952967,51.032167345888446,,23.136629551238457,51.21471513340799,,2.3588,2.8952,-1.6967766559417576
PHL,1969,Philippines,4.6895,21.898557001553925,50.70938062536908,,21.4398528952967,51.032167345888446,,1.9555,2.8286,0.45870410625722613
PHL,1970,Philippines,3.6925,23.35352352661033,45.32365128263123,,21.898557001553925,50.70938062536908,,14.3815,2.5886,1.4549665250564061
PHL,1971,Philippines,5.389,25.822322175246555,48.01150172180121,,23.35352352661033,45.32365128263123,,21.4033,2.3548,2.4687986486362234
PHL,1972,Philippines,5.4304,25.270171813203607,47.60974071814921,,25.822322175246555,48.01150172180121,,8.204,2.284,-0.5521503620429478
PHL,1973,Philippines,8.782,25.685784374461026,47.298642072309335,,25.270171813203607,47.60974071814921,,16.58,2.2223,0.41561256125741863
PHL,1974,Philippines,3.3946,25.740088065045075,46.83752982567994,,25.685784374461026,47.298642072309335,,34.1636,2.1609,0.05430369058404949
PHL,1975,Philippines,5.4511,25.77110063615709,46.53834807582983,,25.740088065045075,46.83752982567994,,6.7614,2.2727,0.031012571112015053
PHL,1976,Philippines,8.7784,25.720236041509565,47.79618233376704,,25.77110063615709,46.53834807582983,,9.1992,2.5333,-0.0508645946475248
PHL,1977,Philippines,5.563,25.683785230182053,49.93620120292114,,25.720236041509565,47.79618233376704,,9.8988,2.6643,-0.036450811327512156
PHL,1978,Philippines,5.1924,25.950027806811995,49.77000960113089,,25.683785230182053,49.93620120292114,,7.3345,2.6848,0.2662425766299421
PHL,1979,Philippines,5.5956,25.888902296909944,49.42378955077093,,25.950027806811995,49.77000960113089,,17.5333,2.6669,-0.06112550990205179
PHL,1980,Philippines,5.2007,26.30624854098393,48.44944995889674,,25.888902296909944,49.42378955077093,,18.2005,2.6077,0.41734624407398613
PHL,1981,Philippines,3.4222,27.37610311336425,49.56257494278972,,26.30624854098393,48.44944995889674,,13.0826,2.605,1.0698545723803186
PHL,1982,Philippines,3.6984,27.106113643256823,48.75025973031124,,27.37610311336425,49.56257494278972,,10.2217,2.7679,-0.2699894701074257
PHL,1983,Philippines,1.897,27.19543017648939,49.731828907903655,,27.106113643256823,48.75025973031124,,10.0294,2.9138,0.08931653323256583
PHL,1984,Philippines,-7.0394,27.58293934446692,49.44275842298576,,27.19543017648939,49.731828907903655,,50.339,2.8921,0.3875091679775302
PHL,1985,Philippines,-6.8584,27.618175533478382,48.66641278729484,89.40809968847351,27.58293934446692,49.44275842298576,,23.1031,2.7298,0.03523618901146364
PHL,1986,Philippines,3.5107,28.487248823628867,47.47721734284495,,27.618175533478382,48.66641278729484,89.40809968847351,1.1481,2.5607,0.8690732901504852
PHL,1987,Philippines,4.3618,27.818618611446443,50.94574283062472,,28.487248823628867,47.47721734284495,,4.0698,2.635,-0.6686302121824248
PHL,1988,Philippines,6.6969,29.09346163981299,50.76643994096227,87.43509865005191,27.818618611446443,50.94574283062472,,13.8601,2.6831,1.274843028366547
PHL,1989,Philippines,6.1839,29.11895130550227,49.36809475742113,,29.09346163981299,50.76643994096227,87.43509865005191,12.243,2.5227,0.025489665689281793
PHL,1990,Philippines,3.0827,29.07636767612844,44.49655162048419,,29.11895130550227,49.36809475742113,,12.1774,2.5612,-0.04258362937382998
PHL,1991,Philippines,-0.4364,26.057568348587637,40.81224802616471,85.66978193146417,29.07636767612844,44.49655162048419,,19.2615,2.4013,-3.0187993275408047
PHL,1992,Philippines,0.4176,25.99215961987905,42.15671310123261,,26.057568348587637,40.81224802616471,85.66978193146417,8.651,2.3697,-0.0654087287085865
PHL,1993,Philippines,2.1819,27.63818132690273,42.5249600996586,,25.99215961987905,42.15671310123261,,6.7163,2.4046,1.646021707023678
PHL,1994,Philippines,4.3737,27.333757057252605,45.84137302873649,84.94288681204569,27.63818132690273,42.5249600996586,,10.3865,2.1805,-0.3044242696501236
PHL,1995,Philippines,4.6252,27.372711668617992,41.45647457731044,13.006319493495674,27.333757057252605,45.84137302873649,84.94288681204569,6.832,2.1882,0.03895461136538714
PHL,1996,Philippines,5.8603,27.69355907557272,42.826824762644094,12.71815525136332,27.372711668617992,41.45647457731044,13.006319493495674,7.4761,2.3036,0.32084740695472647
PHL,1997,Philippines,5.1864,27.47531632965668,43.32866139436863,25.55448150618795,27.69355907557272,42.826824762644094,12.71815525136332,5.5903,2.3527,-0.2182427459160401
PHL,1998,Philippines,-0.5141,28.48582837864845,45.66892384015122,12.21858910046888,27.47531632965668,43.32866139436863,25.55448150618795,9.2349,2.5148,1.010512048991771
PHL,1999,Philippines,3.3465,29.80535830632744,43.44553503689445,12.010600519509731,28.48582837864845,45.66892384015122,12.21858910046888,5.939,2.5561,1.3195299276789925
PHL,2000,Philippines,4.3825,28.514544652169796,44.17565996961026,24.09092951984733,29.80535830632744,43.44553503689445,12.010600519509731,3.9771,2.3793,-1.2908136541576454
PHL,2001,Philippines,3.0492,28.907610588921727,39.795476285048046,14.871576414676198,28.514544652169796,44.17565996961026,24.09092951984733,5.3455,2.206,0.39306593675193113
PHL,2002,Philippines,3.7163,28.586184830527134,40.52272229793077,12.611228494924005,28.907610588921727,39.795476285048046,14.871576414676198,2.7228,2.0277,-0.321425758394593
PHL,2003,Philippines,5.0869,28.743756683621807,44.49367995840811,22.48081012584751,28.586184830527134,40.52272229793077,12.611228494924005,2.2892,1.9821,0.15757185309467303
PHL,2004,Philippines,6.5692,28.826738560776228,40.52847269153997,14.295068021586562,28.743756683621807,44.49367995840811,22.48081012584751,4.8292,1.9433,0.0829818771544204
PHL,2005,Philippines,4.9425,28.714566102646963,42.97981407106569,12.010583964877682,28.826738560776228,40.52847269153997,14.295068021586562,6.5169,1.8594,-0.11217245812926535
PHL,2006,Philippines,5.3164,30.16858979689079,43.31525979432668,25.5713203691216,28.714566102646963,42.97981407106569,12.010583964877682,5.4852,1.6821,1.4540236942438263
PHL,2007,Philippines,6.5193,31.18942217961032,44.192124104666256,11.593873083993556,30.16858979689079,43.31525979432668,25.5713203691216,2.9,1.7346,1.020832382719533
PHL,2008,Philippines,4.3445,31.313155765983023,45.97092456043783,13.332781571562482,31.18942217961032,44.192124104666256,11.593873083993556,8.2604,1.7673,0.12373358637270115
PHL,2009,Philippines,1.4483,31.36419927402053,45.6371128011696,21.730760088361507,31.313155765983023,45.97092456043783,13.332781571562482,4.219,1.8016,0.0510435080375089
PHL,2010,Philippines,7.3345,31.28999163647911,48.705864362434525,13.668585993871664,31.36419927402053,45.6371128011696,21.730760088361507,3.7898,2.048,-0.07420763754142001
PHL,2011,Philippines,3.8582,31.71443150839383,43.31302335461862,11.363075422039309,31.28999163647911,48.705864362434525,13.668585993871664,4.7184,1.9647,0.42443987191471777
PHL,2012,Philippines,6.897,32.36413572966526,47.82213629496093,24.20494340879448,31.71443150839383,43.31302335461862,11.363075422039309,3.027,1.9423,0.6497042212714277
PHL,2013,Philippines,6.7505,32.472927451289074,47.10312369222284,19.12044099124163,32.36413572966526,47.82213629496093,24.20494340879448,2.5827,1.8797,0.10879172162381678
PHL,2014,Philippines,6.348,33.67464604228108,45.33631851648107,22.27807209529125,32.472927451289074,47.10312369222284,19.12044099124163,3.5978,1.6428,1.2017185909920087
PHL,2015,Philippines,6.3483,33.79306032581043,48.21727851423984,32.13446603974199,33.67464604228108,45.33631851648107,22.27807209529125,0.6742,1.4788,0.11841428352934713
PHL,2016,Philippines,7.1495,34.643869883538684,44.6927846650079,29.96814615654885,33.79306032581043,48.21727851423984,32.13446603974199,1.2537,1.3419,0.8508095577282546
PHL,2017,Philippines,6.931,35.518873430133134,44.58461661005065,27.59841321443473,34.643869883538684,44.6927846650079,29.96814615654885,2.8532,1.2883,0.8750035465944492
PHL,2018,Philippines,6.3415,35.22796286611685,46.49847802706584,31.14440807567165,35.518873430133134,44.58461661005065,27.59841321443473,5.3093,1.2369,-0.29091056401628634
PHL,2019,Philippines,6.1185,35.60441929572022,49.02979954185406,26.81658989237472,35.22796286611685,46.49847802706584,31.14440807567165,2.3921,1.2162,0.37645642960337256
PHL,2020,Philippines,-9.5183,35.6867188231386,46.26526151667633,27.86900625064507,35.60441929572022,49.02979954185406,26.81658989237472,2.3932,1.1455,0.0822995274183782
PHL,2021,Philippines,5.7147,37.86790160866276,47.33232776639692,61.6822429906542,35.6867188231386,46.26526151667633,27.86900625064507,3.9272,0.9057,2.1811827855241646
PHL,2022,Philippines,7.581,36.18708051481057,45.568291357975895,,37.86790160866276,47.33232776639692,61.6822429906542,5.8212,0.7605,-1.6808210938521952
PHL,2023,Philippines,5.5189,34.57488106016731,49.02077690572367,57.94392523364487,36.18708051481057,45.568291357975895,,5.978,0.81,-1.6121994546432603
PHL,2024,Philippines,5.692,31.252995944034183,42.605497161635554,,34.57488106016731,49.02077690572367,57.94392523364487,3.2126,0.8256,-3.3218851161331244
SGP,1961,Singapore,8.1375,24.42900404393588,51.69272308703851,,15.195202350218088,54.79840494275288,,0.4,3.3448,
SGP,1962,Singapore,7.5534,26.22825224570954,50.996635477761465,,24.42900404393588,51.69272308703851,,0.4196,2.7691,1.7992482017736613
SGP,1963,Singapore,10.0402,23.605093353335672,50.898578610865535,,26.22825224570954,50.996635477761465,,2.2052,2.5275,-2.623158892373869
SGP,1964,Singapore,-3.1032,26.658958251103005,50.70001650170018,,23.605093353335672,50.898578610865535,,1.7261,2.563,3.0538648977673333
SGP,1965,Singapore,7.8343,24.16638536494236,50.095450340883566,,26.658958251103005,50.70001650170018,,0.1786,2.4301,-2.4925728861606444
SGP,1966,Singapore,10.1801,27.869335688105423,49.90455987109635,,24.16638536494236,50.095450340883566,,2.0058,2.4862,3.702950323163062
SGP,1967,Singapore,12.5086,29.967410973931493,48.64162895962928,,27.869335688105423,49.90455987109635,,3.3428,2.2087,2.09807528582607
SGP,1968,Singapore,13.527,26.11356390190082,47.613920163521485,,29.967410973931493,48.64162895962928,,0.6554,1.7245,-3.8538470720306712
SGP,1969,Singapore,13.8338,28.096477882019432,46.96865895426583,,26.11356390190082,47.613920163521485,,-0.2731,1.5045,1.9829139801186102
SGP,1970,Singapore,13.942,20.61113341153829,50.39695096066296,,28.096477882019432,46.96865895426583,,0.4634,1.5549,-7.485344470481142
SGP,1971,Singapore,12.4134,21.608194327854275,47.203706195086745,,20.61113341153829,50.39695096066296,,1.761,1.8338,0.9970609163159843
SGP,1972,Singapore,13.3156,21.910098946787127,47.44935071203786,,21.608194327854275,47.203706195086745,,2.0808,1.8522,0.30190461893285203
SGP,1973,Singapore,10.603,22.991540559101413,47.18918384329994,,21.910098946787127,47.44935071203786,,19.6367,1.8687,1.0814416123142863
SGP,1974,Singapore,6.1174,21.349106919295508,46.35101078226757,,22.991540559101413,47.18918384329994,,22.3684,1.6641,-1.6424336398059047
SGP,1975,Singapore,3.9887,24.733242086852947,48.56261071891021,,21.349106919295508,46.35101078226757,,2.5365,1.4603,3.3841351675574387
SGP,1976,Singapore,7.4372,25.02658223851836,46.11150984150368,,24.733242086852947,48.56261071891021,,-1.8419,1.3477,0.2933401516654115
SGP,1977,Singapore,6.8524,24.548734424820992,45.76751170218979,,25.02658223851836,46.11150984150368,,3.164,1.3857,-0.47784781369736606
SGP,1978,Singapore,7.7772,25.359147293570825,45.74242558470759,,24.548734424820992,45.76751170218979,,4.8725,1.2097,0.8104128687498324
SGP,1979,Singapore,9.5544,24.908438202724778,45.93820278926911,,25.359147293570825,45.74242558470759,,4.0765,1.2624,-0.45070909084604693
SGP,1980,Singapore,10.1134,25.0881864714896,51.93243791818956,,24.908438202724778,45.93820278926911,,8.5269,1.2692,0.17974826876482197
SGP,1981,Singapore,10.8159,23.98600842275805,54.08884413374243,,25.0881864714896,51.93243791818956,,8.182,4.8077,-1.102178048731549
SGP,1982,Singapore,7.1021,23.939106134867902,49.57054055767993,,23.98600842275805,54.08884413374243,,3.9163,4.3886,-0.046902287890148386
SGP,1983,Singapore,8.5545,23.977802722740886,46.41635202667771,,23.939106134867902,49.57054055767993,,1.1964,1.2987,0.03869658787298391
SGP,1984,Singapore,8.7923,24.819107680022363,46.94632415308398,,23.977802722740886,46.41635202667771,,2.601,1.8902,0.8413049572814764
SGP,1985,Singapore,-0.6227,23.51403107466625,45.367525732280455,,24.819107680022363,46.94632415308398,,0.4801,0.1366,-1.3050766053561134
SGP,1986,Singapore,1.3428,22.862274926768148,45.31088381843465,,23.51403107466625,45.367525732280455,,-1.3857,-0.0945,-0.6517561478981015
SGP,1987,Singapore,10.7979,23.355657257823765,47.76293893189604,,22.862274926768148,45.31088381843465,,0.5233,1.5038,0.49338233105561713
SGP,1988,Singapore,11.2636,22.9929000364882,49.766770450678514,,23.355657257823765,47.76293893189604,,1.5232,2.5378,-0.36275722133556343
SGP,1989,Singapore,10.1588,22.28430421400808,50.10397252074711,,22.9929000364882,49.766770450678514,,2.3455,2.9357,-0.7085958224801203
SGP,1990,Singapore,9.8209,25.81019177866153,48.077832749347245,,22.28430421400808,50.10397252074711,,3.4608,3.8891,3.5258875646534484
SGP,1991,Singapore,6.6884,24.56773602255513,54.268309988501024,,25.81019177866153,48.077832749347245,,3.4257,2.8455,-1.2424557561063985
SGP,1992,Singapore,6.6398,24.3523219365088,53.819714332243656,,24.56773602255513,54.268309988501024,,2.2631,3.0043,-0.21541408604633006
SGP,1993,Singapore,11.4597,25.18257560759938,54.40680556262651,,24.3523219365088,53.819714332243656,,2.2893,2.5298,0.8302536710905777
SGP,1994,Singapore,11.0957,25.223699436597038,54.98974072888427,,25.18257560759938,54.40680556262651,,3.1001,3.1366,0.04112382899765876
SGP,1995,Singapore,7.1754,24.636596130764552,47.140495094533776,0.0,25.223699436597038,54.98974072888427,,1.7205,3.0378,-0.5871033058324855
SGP,1996,Singapore,7.4714,24.551366191764743,47.36372336156134,10.105393676379418,24.636596130764552,47.140495094533776,0.0,1.3832,4.0643,-0.08522993899980946
SGP,1997,Singapore,8.3162,24.397463958184375,48.1173963095656,10.847024178549288,24.551366191764743,47.36372336156134,10.105393676379418,2.0036,3.3574,-0.15390223358036792
SGP,1998,Singapore,-2.191,26.33182962647059,47.13689974876787,13.3384996900186,24.397463958184375,48.1173963095656,10.847024178549288,-0.2675,3.3972,1.9343656682862154
SGP,1999,Singapore,5.7184,25.46668524505725,45.05054849325024,13.951487910725357,26.33182962647059,47.13689974876787,13.3384996900186,0.0167,0.7991,-0.8651443814133408
SGP,2000,Singapore,9.0383,27.16342224896016,56.80123649191196,13.957687538747674,25.46668524505725,45.05054849325024,13.951487910725357,1.3616,1.732,1.6967370039029106
SGP,2001,Singapore,-1.0709,27.27794860314904,54.1991487833227,15.447923124612524,27.16342224896016,56.80123649191196,13.957687538747674,0.9972,2.6974,0.1145263541888788
SGP,2002,Singapore,3.9234,24.755606209436618,51.58199931035722,15.630037197768136,27.27794860314904,54.1991487833227,15.447923124612524,-0.3917,0.9126,-2.522342393712421
SGP,2003,Singapore,4.5483,26.17673295760524,51.871770096409854,15.351053936763794,24.755606209436618,51.58199931035722,15.630037197768136,0.5079,-1.4745,1.4211267481686214
SGP,2004,Singapore,9.94,26.498682430419887,52.80468682780618,15.984965902045875,26.17673295760524,51.871770096409854,15.351053936763794,1.6627,1.2519,0.3219494728146479
SGP,2005,Singapore,7.3663,24.79524272192316,50.22314727970555,16.523558586484814,26.498682430419887,52.80468682780618,15.984965902045875,0.4251,2.3505,-1.7034397084967274
SGP,2006,Singapore,9.0068,25.22898454455965,50.64514761709969,16.279448233106017,24.79524272192316,50.22314727970555,16.523558586484814,0.9657,3.1294,0.43374182263649175
SGP,2007,Singapore,9.0215,26.9479556483337,51.126659979595175,17.854928704277746,25.22898454455965,50.64514761709969,16.279448233106017,2.1098,4.166,1.7189711037740487
SGP,2008,Singapore,1.8635,27.42457851501009,53.1465090156867,20.0,26.9479556483337,51.126659979595175,17.854928704277746,6.6354,5.3215,0.4766228666763901
SGP,2009,Singapore,0.128,28.23667081924145,49.82240978683731,16.367017978921265,27.42457851501009,53.1465090156867,20.0,0.5891,3.0159,0.8120923042313599
SGP,2010,Singapore,14.5197,28.78261937665523,54.48501380644259,14.827185368877869,28.23667081924145,49.82240978683731,16.367017978921265,2.8288,1.7718,0.5459485574137801
SGP,2011,Singapore,6.2149,28.579120407833216,53.77207380878088,15.915220086794791,28.78261937665523,54.48501380644259,14.827185368877869,5.2512,2.0849,-0.20349896882201435
SGP,2012,Singapore,4.4355,29.442913646401788,54.69096520589681,14.742715437073777,28.579120407833216,53.77207380878088,15.915220086794791,4.5808,2.4534,0.8637932385685723
SGP,2013,Singapore,4.8176,30.30238472834913,54.13061093397494,14.763639181649102,29.442913646401788,54.69096520589681,14.742715437073777,2.3644,1.6193,0.8594710819473406
SGP,2014,Singapore,3.9355,30.32289375607137,53.17206184500292,16.013639181649104,30.30238472834913,54.13061093397494,14.763639181649102,1.0332,1.2984,0.020509027722241058
SGP,2015,Singapore,2.9768,28.73798785421096,54.35496305386612,16.72814631122133,30.32289375607137,53.17206184500292,16.013639181649104,-0.522,1.1864,-1.5849059018604095
SGP,2016,Singapore,3.7476,30.612642451297276,54.23302416114134,15.94001859888407,28.73798785421096,54.35496305386612,16.72814631122133,-0.5298,1.2974,1.874654597086316
SGP,2017,Singapore,4.4769,32.16149731855053,55.78691083737149,14.593924364538124,30.612642451297276,54.23302416114134,15.94001859888407,0.5768,0.0886,1.5488548672532545
SGP,2018,Singapore,3.452,30.57322377989108,57.0650277034073,13.89956602603844,32.16149731855053,55.78691083737149,14.593924364538124,0.4388,0.4697,-1.5882735386594504
SGP,2019,Singapore,1.308,30.665604995142285,56.49573920750199,14.482331060136394,30.57322377989108,57.0650277034073,13.89956602603844,0.5678,1.1443,0.0923812152512049
SGP,2020,Singapore,-3.8147,31.9395132325265,56.981327731341935,16.587104773713577,30.665604995142285,56.49573920750199,14.482331060136394,-0.1721,-0.3119,1.2739082373842159
SGP,2021,Singapore,9.7568,31.68428488594839,58.5369025273251,,31.9395132325265,56.981327731341935,16.587104773713577,2.3161,-4.1703,-0.2552283465781109
SGP,2022,Singapore,4.108,29.82565133794607,61.05071517115745,,31.68428488594839,58.5369025273251,,6.131,3.3086,-1.8586335480023202
SGP,2023,Singapore,1.8214,30.1757595549368,60.6193049786496,,29.82565133794607,61.05071517115745,,4.8337,4.8583,0.3501082169907299
SGP,2024,Singapore,4.388,23.544286400360104,52.38236960592588,,30.1757595549368,60.6193049786496,,2.3895,1.9945,-6.631473154576696
THA,1961,Thailand,5.3621,28.754496854686504,49.71404886534684,,26.33280861946984,41.45540272918837,,7.387,2.9307,
THA,1962,Thailand,7.5543,26.98845983199024,50.01958601599837,,28.754496854686504,49.71404886534684,,3.6961,2.9601,-1.7660370226962634
THA,1963,Thailand,7.9998,28.342584958817152,50.34003954149274,,26.98845983199024,50.01958601599837,,,2.9792,1.3541251268269114
THA,1964,Thailand,6.831,27.59738307483715,50.56599011043081,,28.342584958817152,50.34003954149274,,-0.7921,2.9875,-0.7452018839800019
THA,1965,Thailand,8.1817,26.97647343603123,50.81426921153759,,27.59738307483715,50.56599011043081,,0.1663,2.9887,-0.6209096388059194
THA,1966,Thailand,11.1225,29.00835186698069,50.77387350100472,,26.97647343603123,50.81426921153759,,4.0352,2.9629,2.031878430949458
THA,1967,Thailand,8.616,25.38005210405824,50.86036977618702,,29.00835186698069,50.77387350100472,,4.3097,2.923,-3.628299762922449
THA,1968,Thailand,8.1223,25.64269379410739,50.76538930006624,,25.38005210405824,50.86036977618702,,1.7904,2.8783,0.2626416900491506
THA,1969,Thailand,6.5507,29.38357354048854,50.707740982505584,,25.64269379410739,50.76538930006624,,2.4504,2.8163,3.7408797463811503
THA,1970,Thailand,11.4079,25.78720910980181,47.09574132915813,,29.38357354048854,50.707740982505584,,-0.088,2.7653,-3.59636443068673
THA,1971,Thailand,4.8954,27.335496072123146,50.49491278792565,,25.78720910980181,47.09574132915813,,0.4847,2.6973,1.5482869623213347
THA,1972,Thailand,4.2785,26.73526988867211,50.78095305723163,,27.335496072123146,50.49491278792565,,4.8378,2.6622,-0.600226183451035
THA,1973,Thailand,10.2364,28.66368620629573,50.66044183029192,,26.73526988867211,50.78095305723163,,15.5095,2.6376,1.9284163176236184
THA,1974,Thailand,4.4663,28.334716774945992,50.27315231414216,,28.66368620629573,50.66044183029192,,24.3136,2.5479,-0.3289694313497371
THA,1975,Thailand,4.9704,29.19098293988127,46.30387292905454,,28.334716774945992,50.27315231414216,,5.3301,2.4407,0.8562661649352776
THA,1976,Thailand,9.3268,29.22960024080679,49.24423502904194,,29.19098293988127,46.30387292905454,,4.1493,2.3095,0.038617300925519515
THA,1977,Thailand,9.8435,29.015254137946773,49.50615247691443,,29.22960024080679,49.24423502904194,,7.6013,2.2363,-0.21434610286001643
THA,1978,Thailand,10.2957,30.09356826299153,49.06502277764725,,29.015254137946773,49.50615247691443,,7.9241,2.1817,1.0783141250447557
THA,1979,Thailand,5.3718,28.156652463900983,48.92602949607348,,30.09356826299153,49.06502277764725,,9.8974,2.1004,-1.9369157990905457
THA,1980,Thailand,5.1735,29.45852504553324,49.36614808775848,,28.156652463900983,48.92602949607348,,19.7035,2.0618,1.3018725816322565
THA,1981,Thailand,5.9069,29.032117951878224,50.52524260621606,78.50467289719626,29.45852504553324,49.36614808775848,,12.663,2.0078,-0.4264070936550155
THA,1982,Thailand,5.3523,28.955342015271462,48.73256824444233,,29.032117951878224,50.52524260621606,78.50467289719626,5.2591,1.9533,-0.07677593660676152
THA,1983,Thailand,5.5842,29.67824781710711,49.1577772258325,,28.955342015271462,48.73256824444233,,3.7265,1.9366,0.7229058018356476
THA,1984,Thailand,5.7524,28.932427443313376,49.06189627747642,,29.67824781710711,49.1577772258325,,0.8649,1.8991,-0.7458203737937339
THA,1985,Thailand,4.6472,29.40675529395749,49.11729950229335,,28.932427443313376,49.06189627747642,,2.4317,1.8451,0.47432785064411576
THA,1986,Thailand,5.5338,29.664222892627308,48.80982715425091,,29.40675529395749,49.11729950229335,,1.8417,1.7883,0.25746759866981606
THA,1987,Thailand,9.5189,30.39918232035173,45.58461685690452,,29.664222892627308,48.80982715425091,,2.4665,1.7361,0.7349594277244229
THA,1988,Thailand,13.2881,31.924154926177508,51.502778861052,77.88161993769471,30.39918232035173,45.58461685690452,,3.8627,1.705,1.524972605825777
THA,1989,Thailand,12.1905,31.535649132060943,48.739129545367,,31.924154926177508,51.502778861052,77.88161993769471,5.3555,1.6465,-0.38850579411656483
THA,1990,Thailand,11.1672,31.92277486334793,49.80496389609413,73.83177570093457,31.535649132060943,48.739129545367,,5.864,1.6381,0.3871257312869858
THA,1991,Thailand,8.5583,31.32282649189302,46.03866297095304,,31.92277486334793,49.80496389609413,73.83177570093457,5.7099,1.6292,-0.5999483714549072
THA,1992,Thailand,8.0834,31.37296848768936,49.23919540216446,67.601246105919,31.32282649189302,46.03866297095304,,4.1391,1.5895,0.050141995796337824
THA,1993,Thailand,8.2519,31.02427056872873,48.97703650499314,,31.37296848768936,49.23919540216446,67.601246105919,3.3122,1.5436,-0.3486979189606281
THA,1994,Thailand,7.997,31.28025692324576,51.5392868332518,61.889927310488055,31.02427056872873,48.97703650499314,,5.0477,1.4743,0.25598635451702734
THA,1995,Thailand,8.1203,31.3360330011597,49.77272670133158,0.0,31.28025692324576,51.5392868332518,61.889927310488055,5.8182,1.4271,0.055776077913940014
THA,1996,Thailand,5.6519,31.844912848415635,53.19893930232819,15.460679478909356,31.3360330011597,49.77272670133158,0.0,5.8051,1.381,0.5088798472559368
THA,1997,Thailand,-2.7536,30.886672283969904,52.02228500720884,1.1133498656747265,31.844912848415635,53.19893930232819,15.460679478909356,5.6258,1.3337,-0.958240564445731
THA,1998,Thailand,-7.634,31.179945437121336,51.627113001519625,18.48390446521288,30.886672283969904,52.02228500720884,1.1133498656747265,7.9947,1.3056,0.2932731531514321
THA,1999,Thailand,4.5723,31.87756156658986,51.27141174886892,17.231440185499565,31.179945437121336,51.627113001519625,18.48390446521288,0.2847,1.2541,0.6976161294685248
THA,2000,Thailand,4.4552,32.629035130719664,53.51915904302679,17.351361825870924,31.87756156658986,51.27141174886892,17.231440185499565,1.592,1.1313,0.7514735641298032
THA,2001,Thailand,3.4442,33.27960731209054,49.41468408728987,3.0533168009919405,32.629035130719664,53.51915904302679,17.351361825870924,1.6269,1.0158,0.650572181370876
THA,2002,Thailand,6.149,34.06768726109616,49.56963735592518,15.163893612644925,33.27960731209054,49.41468408728987,3.0533168009919405,0.6973,0.962,0.7880799490056205
THA,2003,Thailand,7.1892,33.79646432928247,49.06363151234751,2.962905558999793,34.06768726109616,49.56963735592518,15.163893612644925,1.8043,0.9319,-0.27122293181368917
THA,2004,Thailand,6.2893,35.092667867838465,51.55633275809749,13.525087248659162,33.79646432928247,49.06363151234751,2.962905558999793,2.7591,0.8961,1.296203538555993
THA,2005,Thailand,4.1876,35.927286346184005,47.52242847409927,2.6219260177722674,35.092667867838465,51.55633275809749,13.525087248659162,4.5404,0.8601,0.8346184783455399
THA,2006,Thailand,4.9678,36.34232185854718,45.89433678352281,11.601681624959202,35.927286346184005,47.52242847409927,2.6219260177722674,4.6375,0.8301,0.4150355123631755
THA,2007,Thailand,5.4352,38.97182938810193,48.06566405303237,10.74749757615789,36.34232185854718,45.89433678352281,11.601681624959202,2.2415,0.8,2.6295075295547505
THA,2008,Thailand,1.7257,38.87165076586428,49.17881868907981,10.20058299357698,38.97182938810193,48.06566405303237,10.74749757615789,5.4685,0.7682,-0.1001786222376495
THA,2009,Thailand,-0.6906,39.45022114414164,49.944021172848906,9.724967352166557,38.87165076586428,49.17881868907981,10.20058299357698,-0.8457,0.7385,0.5785703782773624
THA,2010,Thailand,7.5134,40.95741750003189,52.041244185645326,9.380408445829008,39.45022114414164,49.944021172848906,9.724967352166557,3.2476,0.6706,1.507196355890244
THA,2011,Thailand,0.8401,40.78955386775812,51.32003904175899,9.214881167358412,40.95741750003189,52.041244185645326,9.380408445829008,3.8088,0.6218,-0.16786363227376455
THA,2012,Thailand,7.2428,41.90477670836721,51.32055164902844,7.615091727241261,40.78955386775812,51.32003904175899,9.214881167358412,3.0149,0.6196,1.1152228406090856
THA,2013,Thailand,2.6875,42.59811525298241,50.80612513103011,9.030263382795162,41.90477670836721,51.32055164902844,7.615091727241261,2.1849,0.5873,0.6933385446152016
THA,2014,Thailand,0.9845,41.693416980599935,51.31855216917688,9.16762751244271,42.59811525298241,50.80612513103011,9.030263382795162,1.8951,0.5301,-0.9046982723824755
THA,2015,Thailand,3.134,41.270359322178926,54.50662006058219,9.44856425177314,41.693416980599935,51.31855216917688,9.16762751244271,-0.9004,0.461,-0.4230576584210084
THA,2016,Thailand,3.4352,41.86733166100829,51.57032530921158,11.27938787847184,41.270359322178926,54.50662006058219,9.44856425177314,0.1881,0.4513,0.5969723388293673
THA,2017,Thailand,4.1777,41.84741400256719,51.88177546559885,13.261721755157826,41.86733166100829,51.57032530921158,11.27938787847184,0.6656,0.423,-0.01991765844110205
THA,2018,Thailand,4.2229,40.98510138980851,53.02600642840074,14.50241989893898,41.84741400256719,51.88177546559885,13.261721755157826,1.0639,0.3029,-0.8623126127586787
THA,2019,Thailand,2.1146,42.14888406172489,53.61432809136909,14.11320996363271,40.98510138980851,53.02600642840074,14.50241989893898,0.7067,0.2046,1.1637826719163797
THA,2020,Thailand,-6.05,41.70254802972276,51.957063942533225,15.879329398854969,42.14888406172489,53.61432809136909,14.11320996363271,-0.8459,0.1665,-0.44633603200212946
THA,2021,Thailand,1.5522,42.45842953662943,54.72696087533003,28.912650105998832,41.70254802972276,51.957063942533225,15.879329398854969,1.2304,0.1198,0.7558815069066682
THA,2022,Thailand,2.5804,42.20818542527334,54.79856420582405,25.78070932306886,42.45842953662943,54.72696087533003,28.912650105998832,-1.6107,0.0111,-0.25024411135608915
THA,2023,Thailand,2.0178,40.53116971160584,54.88925851114992,7.268951194184839,42.20818542527334,54.79856420582405,25.78070932306886,8.4781,-0.0459,-1.677015713667501
THA,2024,Thailand,2.5418,39.34652503750919,50.97286323188081,,40.53116971160584,54.88925851114992,7.268951194184839,1.3658,-0.048,-1.1846446740966527
VNM,1985,Viet Nam,3.8059,26.621647580051345,52.26815165224112,,27.174786798918586,52.98337459790706,,,2.3202,
VNM,1986,Viet Nam,2.7893,28.107444720199105,51.267764833456745,,26.621647580051345,52.26815165224112,,,2.1548,1.4857971401477599
VNM,1987,Viet Nam,3.5835,27.11658465954733,51.317046261644926,,28.107444720199105,51.267764833456745,,,2.0301,-0.9908600606517766
VNM,1988,Viet Nam,5.135,27.673905093732333,51.92486416405827,,27.11658465954733,51.317046261644926,,,2.0231,0.5573204341850051
VNM,1989,Viet Nam,7.3645,30.26986181992011,55.795192865891096,,27.673905093732333,51.92486416405827,,,2.054,2.595956726187776
VNM,1990,Viet Nam,5.1009,31.7884050773691,56.2884697259092,,30.26986181992011,55.795192865891096,,,2.0937,1.5185432574489894
VNM,1991,Viet Nam,5.9608,29.906122356608687,48.35861804323708,,31.7884050773691,56.2884697259092,,,2.0956,-1.8822827207604114
VNM,1992,Viet Nam,8.646,30.030321979165024,47.9139371510685,95.43094496365524,29.906122356608687,48.35861804323708,,,2.0253,0.12419962255633621
VNM,1993,Viet Nam,8.0727,30.383511288311464,48.10231625680392,,30.030321979165024,47.9139371510685,95.43094496365524,,1.924,0.3531893091464404
VNM,1994,Viet Nam,8.839,31.41926073349935,48.09054557073701,,30.383511288311464,48.10231625680392,,,1.8058,1.0357494451878857
VNM,1995,Viet Nam,9.5405,30.70947790842583,51.89767977481469,0.0,31.41926073349935,48.09054557073701,,,1.6733,-0.7097828250735212
VNM,1996,Viet Nam,9.34,31.03968000925488,51.392180621258966,0.0,30.70947790842583,51.89767977481469,0.0,5.675,1.5241,0.33020210082905166
VNM,1997,Viet Nam,8.1521,32.80819843783676,48.207985939517165,30.11422637590862,31.03968000925488,51.392180621258966,0.0,3.2095,1.4526,1.7685184285818778
VNM,1998,Viet Nam,5.7645,34.06315184665751,51.42167155150036,0.0,32.80819843783676,48.207985939517165,30.11422637590862,7.2662,1.4349,1.2549534088207537
VNM,1999,Viet Nam,4.7736,34.18576723114854,52.92176700355378,0.0,34.06315184665751,51.42167155150036,0.0,4.1171,1.3033,0.12261538449102716
VNM,2000,Viet Nam,6.7873,32.49070792084966,50.27589821006903,0.0,34.18576723114854,52.92176700355378,0.0,-1.7103,1.1295,-1.6950593102988805
VNM,2001,Viet Nam,6.1929,32.446432028787505,47.629049452951854,0.0,32.49070792084966,50.27589821006903,0.0,-0.4315,1.0512,-0.04427589206215288
VNM,2002,Viet Nam,6.3208,33.09990678774274,46.12455220019085,24.220435403159296,32.446432028787505,47.629049452951854,0.0,3.8308,1.0245,0.6534747589552339
VNM,2003,Viet Nam,6.8991,32.8588544332708,47.46947635451503,0.0,33.09990678774274,46.12455220019085,24.220435403159296,3.2346,0.9998,-0.24105235447193962
VNM,2004,Viet Nam,7.5364,33.41589153070891,47.30255725757629,28.556593977154723,32.8588544332708,47.46947635451503,0.0,7.7549,0.9696,0.557037097438112
VNM,2005,Viet Nam,7.5472,34.608973075342846,45.21267825693822,0.0,33.41589153070891,47.30255725757629,28.556593977154723,8.2846,0.9284,1.1930815446339338
VNM,2006,Viet Nam,6.978,34.278645793682415,48.89109109232464,27.31048805815161,34.608973075342846,45.21267825693822,0.0,7.418,1.3226,-0.33032728166043057
VNM,2007,Viet Nam,7.1295,34.83517459106978,48.12296319336916,0.0,34.278645793682415,48.89109109232464,27.31048805815161,8.3444,1.7678,0.5565287973873652
VNM,2008,Viet Nam,5.6618,35.96414568157671,49.779731161728925,26.341294565593632,34.83517459106978,48.12296319336916,0.0,23.1154,1.8275,1.12897109050693
VNM,2009,Viet Nam,5.3979,35.8635431610479,47.920811170395154,0.0,35.96414568157671,49.779731161728925,26.341294565593632,6.717,1.4965,-0.10060252052880969
VNM,2010,Viet Nam,6.4232,36.86875184878074,49.64001693671605,16.164762893734856,35.8635431610479,47.920811170395154,0.0,9.2075,1.1444,1.0052086877328392
VNM,2011,Viet Nam,6.4132,37.92358978002536,44.45917113743965,1.725563132878694,36.86875184878074,49.64001693671605,16.164762893734856,18.6777,1.1518,1.05483793124462
VNM,2012,Viet Nam,5.5045,38.6511341234316,48.568171831012215,13.949463482173764,37.92358978002536,44.45917113743965,1.725563132878694,9.0947,1.171,0.7275443434062439
VNM,2013,Viet Nam,5.5535,38.64458989942786,48.59751100579567,3.660363711510642,38.6511341234316,48.568171831012215,13.949463482173764,6.5927,1.1803,-0.00654422400374699
VNM,2014,Viet Nam,6.4222,38.70228490176386,48.60851641538992,12.114918656974732,38.64458989942786,48.59751100579567,3.660363711510642,4.0846,1.2142,0.05769500233600411
VNM,2015,Viet Nam,6.9872,39.672314718725616,50.776055673885374,4.396569539160984,38.70228490176386,48.60851641538992,12.114918656974732,0.6312,1.2398,0.9700298169617554
VNM,2016,Viet Nam,6.69,40.10677524846146,51.44063063572649,9.311180339217724,39.672314718725616,50.776055673885374,4.396569539160984,2.6682,1.2599,0.43446052973584415
VNM,2017,Viet Nam,6.9402,40.30743174824508,49.08214541876216,5.206395949576359,40.10677524846146,51.44063063572649,9.311180339217724,3.5203,1.2442,0.20065649978361932
VNM,2018,Viet Nam,7.465,41.27842674673982,52.285977803591805,7.372793354101766,40.30743174824508,49.08214541876216,5.206395949576359,3.5396,1.1079,0.9709949984947386
VNM,2019,Viet Nam,7.3593,42.37293920476069,53.83873927434415,5.1741062202934485,41.27842674673982,52.285977803591805,7.372793354101766,2.7958,0.9684,1.0945124580208727
VNM,2020,Viet Nam,2.8654,42.31175530064673,51.54561113155494,6.057459328487366,42.37293920476069,53.83873927434415,5.1741062202934485,3.2209,0.9274,-0.06118390411396035
VNM,2021,Viet Nam,2.5537,43.56340911516408,48.40579279681797,15.847799132052076,42.31175530064673,51.54561113155494,6.057459328487366,1.8347,0.8689,1.251653814517347
VNM,2022,Viet Nam,8.5375,42.57716831331534,54.52261267239948,19.31464174454829,43.56340911516408,48.40579279681797,15.847799132052076,3.1565,0.7508,-0.9862408018487372
VNM,2023,Viet Nam,5.065,42.71445499133756,51.98757422375708,,42.57716831331534,54.52261267239948,19.31464174454829,3.2529,0.6714,0.13728667802222105
VNM,2024,Viet Nam,7.0912,42.77150309717607,52.37824957860612,,42.71445499133756,51.98757422375708,,3.6211,0.6313,0.057048105838511276
